"method","noise_sd","bubble_mean","n_bubbles","recall","precision","count_ratio","snr"
"goAquaFlux",2,50,1,0.766666666666667,1,0.766666666666667,25
"goAquaFlux",2,50,4,0.679166666666667,1,0.679166666666667,25
"goAquaFlux",2,50,10,0.205833333333333,1,0.205833333333333,25
"goAquaFlux",2,300,1,1,1,1,150
"goAquaFlux",2,300,4,0.802083333333333,1,0.802083333333333,150
"goAquaFlux",2,300,10,0.245,1,0.245,150
"goAquaFlux",2,1500,1,1,1,1,750
"goAquaFlux",2,1500,4,0.783333333333333,1,0.783333333333333,750
"goAquaFlux",2,1500,10,0.2575,1,0.2575,750
"goAquaFlux",10,50,1,0.0333333333333333,1,0.0333333333333333,5
"goAquaFlux",10,50,4,0.0541666666666667,1,0.0541666666666667,5
"goAquaFlux",10,50,10,0.0333333333333333,1,0.0333333333333333,5
"goAquaFlux",10,300,1,0.833333333333333,1,0.833333333333333,30
"goAquaFlux",10,300,4,0.716666666666667,1,0.716666666666667,30
"goAquaFlux",10,300,10,0.260833333333333,1,0.260833333333333,30
"goAquaFlux",10,1500,1,1,1,1,150
"goAquaFlux",10,1500,4,0.80625,1,0.80625,150
"goAquaFlux",10,1500,10,0.264166666666667,1,0.264166666666667,150
"goAquaFlux",50,50,1,0,NA,0,1
"goAquaFlux",50,50,4,0,NA,0,1
"goAquaFlux",50,50,10,0.000833333333333333,1,0.000833333333333333,1
"goAquaFlux",50,300,1,0.108333333333333,1,0.108333333333333,6
"goAquaFlux",50,300,4,0.0895833333333333,1,0.0895833333333333,6
"goAquaFlux",50,300,10,0.0258333333333333,1,0.0258333333333333,6
"goAquaFlux",50,1500,1,0.85,0.980769230769231,0.866666666666667,30
"goAquaFlux",50,1500,4,0.739583333333333,1,0.739583333333333,30
"goAquaFlux",50,1500,10,0.215833333333333,1,0.215833333333333,30
"goAquaFlux_w15",2,50,1,0.9,1,0.9,25
"goAquaFlux_w15",2,50,4,0.835416666666667,1,0.835416666666667,25
"goAquaFlux_w15",2,50,10,0.635833333333333,1,0.635833333333333,25
"goAquaFlux_w15",2,300,1,1,1,1,150
"goAquaFlux_w15",2,300,4,0.941666666666667,1,0.941666666666667,150
"goAquaFlux_w15",2,300,10,0.759166666666667,1,0.759166666666667,150
"goAquaFlux_w15",2,1500,1,1,1,1,750
"goAquaFlux_w15",2,1500,4,0.889583333333333,1,0.889583333333333,750
"goAquaFlux_w15",2,1500,10,0.765,1,0.765,750
"goAquaFlux_w15",10,50,1,0.15,0.9,0.166666666666667,5
"goAquaFlux_w15",10,50,4,0.114583333333333,0.982142857142857,0.116666666666667,5
"goAquaFlux_w15",10,50,10,0.07,1,0.07,5
"goAquaFlux_w15",10,300,1,0.958333333333333,0.991379310344828,0.966666666666667,30
"goAquaFlux_w15",10,300,4,0.89375,1,0.89375,30
"goAquaFlux_w15",10,300,10,0.705,1,0.705,30
"goAquaFlux_w15",10,1500,1,1,0.991735537190083,1.00833333333333,150
"goAquaFlux_w15",10,1500,4,0.933333333333333,0.997772828507795,0.935416666666667,150
"goAquaFlux_w15",10,1500,10,0.761666666666667,1,0.761666666666667,150
"goAquaFlux_w15",50,50,1,0.0333333333333333,0.333333333333333,0.1,1
"goAquaFlux_w15",50,50,4,0.00833333333333333,0.8,0.0104166666666667,1
"goAquaFlux_w15",50,50,10,0.00666666666666667,0.888888888888889,0.0075,1
"goAquaFlux_w15",50,300,1,0.291666666666667,0.921052631578947,0.316666666666667,6
"goAquaFlux_w15",50,300,4,0.179166666666667,0.955555555555556,0.1875,6
"goAquaFlux_w15",50,300,10,0.100833333333333,1,0.100833333333333,6
"goAquaFlux_w15",50,1500,1,0.933333333333333,0.896,1.04166666666667,30
"goAquaFlux_w15",50,1500,4,0.883333333333333,0.983758700696056,0.897916666666667,30
"goAquaFlux_w15",50,1500,10,0.699166666666667,1,0.699166666666667,30
"FS_default",2,50,1,0,NA,0,25
"FS_default",2,50,4,0,NA,0,25
"FS_default",2,50,10,0,NA,0,25
"FS_default",2,300,1,0,NA,0,150
"FS_default",2,300,4,0.00208333333333333,1,0.00208333333333333,150
"FS_default",2,300,10,0.00583333333333333,1,0.00583333333333333,150
"FS_default",2,1500,1,0.508333333333333,1,0.508333333333333,750
"FS_default",2,1500,4,0.404166666666667,1,0.404166666666667,750
"FS_default",2,1500,10,0.2,1,0.2,750
"FS_default",10,50,1,0,NA,0,5
"FS_default",10,50,4,0,NA,0,5
"FS_default",10,50,10,0,NA,0,5
"FS_default",10,300,1,0,NA,0,30
"FS_default",10,300,4,0.00416666666666667,1,0.00416666666666667,30
"FS_default",10,300,10,0.00416666666666667,1,0.00416666666666667,30
"FS_default",10,1500,1,0.675,1,0.675,150
"FS_default",10,1500,4,0.40625,1,0.40625,150
"FS_default",10,1500,10,0.204166666666667,1,0.204166666666667,150
"FS_default",50,50,1,0,NA,0,1
"FS_default",50,50,4,0,NA,0,1
"FS_default",50,50,10,0,NA,0,1
"FS_default",50,300,1,0.00833333333333333,1,0.00833333333333333,6
"FS_default",50,300,4,0.0125,1,0.0125,6
"FS_default",50,300,10,0.0025,1,0.0025,6
"FS_default",50,1500,1,0.575,1,0.575,30
"FS_default",50,1500,4,0.435416666666667,1,0.435416666666667,30
"FS_default",50,1500,10,0.203333333333333,1,0.203333333333333,30
"FS_tuned",2,50,1,1,0.975609756097561,1.025,25
"FS_tuned",2,50,4,0.56875,0.996350364963504,0.570833333333333,25
"FS_tuned",2,50,10,0.145,1,0.145,25
"FS_tuned",2,300,1,1,0.96,1.04166666666667,150
"FS_tuned",2,300,4,0.541666666666667,1,0.541666666666667,150
"FS_tuned",2,300,10,0.133333333333333,1,0.133333333333333,150
"FS_tuned",2,1500,1,1,0.983606557377049,1.01666666666667,750
"FS_tuned",2,1500,4,0.529166666666667,1,0.529166666666667,750
"FS_tuned",2,1500,10,0.13,1,0.13,750
"FS_tuned",10,50,1,0.516666666666667,0.925373134328358,0.558333333333333,5
"FS_tuned",10,50,4,0.341666666666667,0.926553672316384,0.36875,5
"FS_tuned",10,50,10,0.165,0.961165048543689,0.171666666666667,5
"FS_tuned",10,300,1,1,0.991735537190083,1.00833333333333,30
"FS_tuned",10,300,4,0.572916666666667,1,0.572916666666667,30
"FS_tuned",10,300,10,0.145833333333333,1,0.145833333333333,30
"FS_tuned",10,1500,1,1,0.991735537190083,1.00833333333333,150
"FS_tuned",10,1500,4,0.535416666666667,1,0.535416666666667,150
"FS_tuned",10,1500,10,0.144166666666667,1,0.144166666666667,150
"FS_tuned",50,50,1,0,0,0.0166666666666667,1
"FS_tuned",50,50,4,0.00208333333333333,1,0.00208333333333333,1
"FS_tuned",50,50,10,0.00583333333333333,0.875,0.00666666666666667,1
"FS_tuned",50,300,1,0.566666666666667,0.918918918918919,0.616666666666667,6
"FS_tuned",50,300,4,0.435416666666667,0.928888888888889,0.46875,6
"FS_tuned",50,300,10,0.18,0.981818181818182,0.183333333333333,6
"FS_tuned",50,1500,1,1,1,1,30
"FS_tuned",50,1500,4,0.575,1,0.575,30
"FS_tuned",50,1500,10,0.155833333333333,1,0.155833333333333,30
"MSP",2,50,1,1,0.237154150197628,4.21666666666667,25
"MSP",2,50,4,0.854166666666667,0.923423423423423,0.925,25
"MSP",2,50,10,0.516666666666667,1,0.516666666666667,25
"MSP",2,300,1,1,0.483870967741935,2.06666666666667,150
"MSP",2,300,4,0.78125,0.989445910290237,0.789583333333333,150
"MSP",2,300,10,0.405833333333333,1,0.405833333333333,150
"MSP",2,1500,1,1,0.55045871559633,1.81666666666667,750
"MSP",2,1500,4,0.708333333333333,0.997067448680352,0.710416666666667,750
"MSP",2,1500,10,0.370833333333333,1,0.370833333333333,750
"MSP",10,50,1,0.983333333333333,0.102787456445993,9.56666666666667,5
"MSP",10,50,4,0.879166666666667,0.51400730816078,1.71041666666667,5
"MSP",10,50,10,0.674166666666667,0.905935050391937,0.744166666666667,5
"MSP",10,300,1,1,0.305343511450382,3.275,30
"MSP",10,300,4,0.845833333333333,0.948598130841122,0.891666666666667,30
"MSP",10,300,10,0.488333333333333,1,0.488333333333333,30
"MSP",10,1500,1,1,0.476190476190476,2.1,150
"MSP",10,1500,4,0.775,0.992,0.78125,150
"MSP",10,1500,10,0.395833333333333,1,0.395833333333333,150
"MSP",50,50,1,0.833333333333333,0.0556792873051225,14.9666666666667,1
"MSP",50,50,4,0.785416666666667,0.231004901960784,3.4,1
"MSP",50,50,10,0.7175,0.548757170172084,1.3075,1
"MSP",50,300,1,0.991666666666667,0.110185185185185,9,6
"MSP",50,300,4,0.91875,0.6125,1.5,6
"MSP",50,300,10,0.673333333333333,0.959619952494062,0.701666666666667,6
"MSP",50,1500,1,1,0.283687943262411,3.525,30
"MSP",50,1500,4,0.8375,0.959427207637232,0.872916666666667,30
"MSP",50,1500,10,0.516666666666667,1,0.516666666666667,30
