"method","component","n","fail_rate","med_rel_err","med_abs_rel_err","q90_abs_rel_err"
"goAquaFlux","total",3420,0,0.0145058937114349,0.106628092650824,0.566392706972065
"goAquaFlux","diffusive",3420,0,0.300633901580713,0.369691129147846,21.6010076656395
"goAquaFlux","ebullition",3420,0,-0.608699298883833,0.608699298883833,1
"goAquaFlux_w15","total",3420,0.000584795321637427,0.0110633462977244,0.0626321379916689,0.40369486189365
"goAquaFlux_w15","diffusive",3420,0.000584795321637427,0.0840343699856385,0.142978181287494,5.05222639584577
"goAquaFlux_w15","ebullition",3420,0,-0.104535929790862,0.144837156598382,1
"FS_default","total",3420,0.202046783625731,0.0768748866017832,0.179792952460506,0.659547010184264
"FS_default","diffusive",3420,0.202046783625731,1.6900528551907,1.70319185794659,33.5320518516084
"FS_default","ebullition",3420,0,-1,1,1
"FS_tuned","total",3420,0.00116959064327485,0.0634403517203009,0.0748716149452633,0.308929518966054
"FS_tuned","diffusive",3420,0.00116959064327485,0.00460240441727221,0.0653533397460315,1.86839509252428
"FS_tuned","ebullition",3420,0,0.055787432770551,0.149254713649953,1
"MSP","total",3420,0.12953216374269,-0.105695607525914,0.461682559543074,2.32672004507835
"MSP","diffusive",3420,0.12953216374269,0.730652480039502,0.730652480039502,56.0810518037407
"MSP","ebullition",3420,0,-0.95286149668565,0.986192300516104,2.63983362350168
"goFlux_noSep","total",3420,0,0.171565431966212,0.181153872297374,0.735775388701631
"endpoint","total",3420,0,-0.00238998348669574,0.00503126554007875,0.0308584303588103
