"method","component","noise_sd","n_bubbles","overshoot","n","fail_rate","med_rel_err","med_abs_rel_err"
"goAquaFlux","total",2,0,NA,60,0,0.0158196761606218,0.0158196761606218
"goAquaFlux","total",2,1,0,180,0,0.00809863230982493,0.00861463926814755
"goAquaFlux","total",2,1,1,180,0,0.00762177382178739,0.00794225052318718
"goAquaFlux","total",2,4,0,180,0,-0.0403281195939573,0.116256611297875
"goAquaFlux","total",2,4,1,180,0,0.00463593199653005,0.0412905555246039
"goAquaFlux","total",2,10,0,180,0,-0.176651297505951,0.334499596996922
"goAquaFlux","total",2,10,1,180,0,-0.0980882719001773,0.291535117108218
"goAquaFlux","total",10,0,NA,60,0,0.0186678915961014,0.0197768459842745
"goAquaFlux","total",10,1,0,180,0,0.00944854509166789,0.0185281490929642
"goAquaFlux","total",10,1,1,180,0,0.0128270697786079,0.0177560636743084
"goAquaFlux","total",10,4,0,180,0,0.00344038963062309,0.148414223964335
"goAquaFlux","total",10,4,1,180,0,0.0134957383207616,0.0756887224235127
"goAquaFlux","total",10,10,0,180,0,0.0333640425720995,0.253063404083949
"goAquaFlux","total",10,10,1,180,0,0.0182984273108799,0.28239405900128
"goAquaFlux","total",50,0,NA,60,0,0.0289321400846607,0.0425156346877155
"goAquaFlux","total",50,1,0,180,0,0.0752611671739397,0.127427561907686
"goAquaFlux","total",50,1,1,180,0,0.0380897303866594,0.0721278249927567
"goAquaFlux","total",50,4,0,180,0,0.0788981450300223,0.172970848352628
"goAquaFlux","total",50,4,1,180,0,0.0600630485143839,0.142818595144743
"goAquaFlux","total",50,10,0,180,0,0.139615945583283,0.177458321721462
"goAquaFlux","total",50,10,1,180,0,0.187872183859557,0.285484998806202
"goAquaFlux","diffusive",2,0,NA,60,0,0.0158196761606218,0.0158196761606218
"goAquaFlux","diffusive",2,1,0,180,0,0.0178155369496631,0.0181041247754824
"goAquaFlux","diffusive",2,1,1,180,0,0.0159514832857419,0.0160799379820631
"goAquaFlux","diffusive",2,4,0,180,0,0.0228372698995795,0.0297101684265585
"goAquaFlux","diffusive",2,4,1,180,0,0.020664719742727,0.0234243080398361
"goAquaFlux","diffusive",2,10,0,180,0,2.02135266453833,2.02135266453833
"goAquaFlux","diffusive",2,10,1,180,0,1.68455235484201,1.68455235484201
"goAquaFlux","diffusive",10,0,NA,60,0,0.0186678915961014,0.0197768459842745
"goAquaFlux","diffusive",10,1,0,180,0,0.0939624751426092,0.103935857719848
"goAquaFlux","diffusive",10,1,1,180,0,0.0540161743624262,0.0658083661040786
"goAquaFlux","diffusive",10,4,0,180,0,0.34203259786807,0.40166684640525
"goAquaFlux","diffusive",10,4,1,180,0,0.153114698000536,0.224132767591768
"goAquaFlux","diffusive",10,10,0,180,0,5.54368516214036,5.54368516214036
"goAquaFlux","diffusive",10,10,1,180,0,2.47516207687518,2.47516207687518
"goAquaFlux","diffusive",50,0,NA,60,0,0.0289321400846607,0.0425156346877155
"goAquaFlux","diffusive",50,1,0,180,0,0.625420303692534,0.685223602819296
"goAquaFlux","diffusive",50,1,1,180,0,0.402076197086591,0.489254804424354
"goAquaFlux","diffusive",50,4,0,180,0,2.39140623636066,2.5638002918095
"goAquaFlux","diffusive",50,4,1,180,0,1.13294955752161,1.57192670355103
"goAquaFlux","diffusive",50,10,0,180,0,10.259778396233,10.259778396233
"goAquaFlux","diffusive",50,10,1,180,0,9.7597613955259,9.7597613955259
"goAquaFlux","ebullition",2,0,NA,60,0,NA,NA
"goAquaFlux","ebullition",2,1,0,180,0,-0.000187827173506288,0.00121705669745438
"goAquaFlux","ebullition",2,1,1,180,0,5.32264583389419e-05,0.00177449008445014
"goAquaFlux","ebullition",2,4,0,180,0,-0.217375514412142,0.217375514412142
"goAquaFlux","ebullition",2,4,1,180,0,-0.0105229409929307,0.050145319830904
"goAquaFlux","ebullition",2,10,0,180,0,-0.720685285862579,0.720685285862579
"goAquaFlux","ebullition",2,10,1,180,0,-0.66264564600522,0.66264564600522
"goAquaFlux","ebullition",10,0,NA,60,0,NA,NA
"goAquaFlux","ebullition",10,1,0,180,0,-0.00532933154413531,0.0101788212958686
"goAquaFlux","ebullition",10,1,1,180,0,-0.00318655927794315,0.00837780526018326
"goAquaFlux","ebullition",10,4,0,180,0,-0.391833279520693,0.391833279520693
"goAquaFlux","ebullition",10,4,1,180,0,-0.236417036433287,0.236417036433287
"goAquaFlux","ebullition",10,10,0,180,0,-0.856874095781054,0.856874095781054
"goAquaFlux","ebullition",10,10,1,180,0,-0.723616264050265,0.723616264050265
"goAquaFlux","ebullition",50,0,NA,60,0,NA,NA
"goAquaFlux","ebullition",50,1,0,180,0,-1,1
"goAquaFlux","ebullition",50,1,1,180,0,-1,1
"goAquaFlux","ebullition",50,4,0,180,0,-1,1
"goAquaFlux","ebullition",50,4,1,180,0,-1,1
"goAquaFlux","ebullition",50,10,0,180,0,-1,1
"goAquaFlux","ebullition",50,10,1,180,0,-1,1
"goAquaFlux_w15","total",2,0,NA,60,0,0.0158196761606218,0.0158196761606218
"goAquaFlux_w15","total",2,1,0,180,0,0.00808761121094349,0.00847048446807508
"goAquaFlux_w15","total",2,1,1,180,0,0.00789571555685502,0.00806588802368152
"goAquaFlux_w15","total",2,4,0,180,0,0.00155146294376599,0.00754959202362928
"goAquaFlux_w15","total",2,4,1,180,0,0.0102452988359077,0.0209133430244779
"goAquaFlux_w15","total",2,10,0,180,0,-0.184360079552593,0.189643800944988
"goAquaFlux_w15","total",2,10,1,180,0,0.00426984803128621,0.0975911826461297
"goAquaFlux_w15","total",10,0,NA,60,0,0.0175955482056325,0.0197768459842745
"goAquaFlux_w15","total",10,1,0,180,0,0.00898685300773225,0.0143688776358954
"goAquaFlux_w15","total",10,1,1,180,0,0.0104583652988862,0.0136240742308018
"goAquaFlux_w15","total",10,4,0,180,0,0.00651749960240708,0.0484944546272196
"goAquaFlux_w15","total",10,4,1,180,0,0.0210309746659093,0.055661269385889
"goAquaFlux_w15","total",10,10,0,180,0,-0.12247966801671,0.193466255868437
"goAquaFlux_w15","total",10,10,1,180,0,0.0303456392228675,0.146646177767597
"goAquaFlux_w15","total",50,0,NA,60,0,0.0324691602193718,0.0492887590332661
"goAquaFlux_w15","total",50,1,0,180,0.00555555555555556,0.0553495536571946,0.111678142601064
"goAquaFlux_w15","total",50,1,1,180,0.00555555555555556,0.0311471884479453,0.0533616962566427
"goAquaFlux_w15","total",50,4,0,180,0,0.0585833056289411,0.120633969995814
"goAquaFlux_w15","total",50,4,1,180,0,0.0531850277974755,0.132755003671059
"goAquaFlux_w15","total",50,10,0,180,0,0.0768647125585772,0.183026225465119
"goAquaFlux_w15","total",50,10,1,180,0,0.106067901858211,0.192191689498818
"goAquaFlux_w15","diffusive",2,0,NA,60,0,0.0158196761606218,0.0158196761606218
"goAquaFlux_w15","diffusive",2,1,0,180,0,0.0167864307741535,0.0173656244555088
"goAquaFlux_w15","diffusive",2,1,1,180,0,0.0159986368353058,0.0161358798460082
"goAquaFlux_w15","diffusive",2,4,0,180,0,0.0200311731257725,0.028530332764133
"goAquaFlux_w15","diffusive",2,4,1,180,0,0.0200873791519739,0.0219448163164932
"goAquaFlux_w15","diffusive",2,10,0,180,0,0.0306218392670815,0.0508938635808796
"goAquaFlux_w15","diffusive",2,10,1,180,0,0.0319296683296138,0.0596105485848003
"goAquaFlux_w15","diffusive",10,0,NA,60,0,0.0175955482056325,0.0197768459842745
"goAquaFlux_w15","diffusive",10,1,0,180,0,0.0644965303054176,0.0729240364461691
"goAquaFlux_w15","diffusive",10,1,1,180,0,0.0405517450470987,0.0550332868122271
"goAquaFlux_w15","diffusive",10,4,0,180,0,0.275657708939163,0.376770543427264
"goAquaFlux_w15","diffusive",10,4,1,180,0,0.112929719024939,0.160382002404814
"goAquaFlux_w15","diffusive",10,10,0,180,0,0.438600641143219,0.71934560829231
"goAquaFlux_w15","diffusive",10,10,1,180,0,0.24464432364427,0.394307721961221
"goAquaFlux_w15","diffusive",50,0,NA,60,0,0.0320058005866914,0.0492887590332661
"goAquaFlux_w15","diffusive",50,1,0,180,0.00555555555555556,0.392053354272239,0.515788096227766
"goAquaFlux_w15","diffusive",50,1,1,180,0.00555555555555556,0.259655641164046,0.33104072020951
"goAquaFlux_w15","diffusive",50,4,0,180,0,1.9216644074943,2.12296551463544
"goAquaFlux_w15","diffusive",50,4,1,180,0,0.697634366002301,1.1023360270523
"goAquaFlux_w15","diffusive",50,10,0,180,0,5.21015995685681,5.26442380332018
"goAquaFlux_w15","diffusive",50,10,1,180,0,1.85154379425206,2.4180644670585
"goAquaFlux_w15","ebullition",2,0,NA,60,0,NA,NA
"goAquaFlux_w15","ebullition",2,1,0,180,0,-0.000187827173506288,0.00121705669745438
"goAquaFlux_w15","ebullition",2,1,1,180,0,7.24102235028779e-05,0.00168666146749624
"goAquaFlux_w15","ebullition",2,4,0,180,0,-0.000975618102829075,0.00183058011927115
"goAquaFlux_w15","ebullition",2,4,1,180,0,0.00480543262131557,0.0295660260723241
"goAquaFlux_w15","ebullition",2,10,0,180,0,-0.258733714376212,0.258733714376212
"goAquaFlux_w15","ebullition",2,10,1,180,0,-0.00934465573282098,0.12828593291782
"goAquaFlux_w15","ebullition",10,0,NA,60,0,NA,NA
"goAquaFlux_w15","ebullition",10,1,0,180,0,-0.00305754674248764,0.00870231596904664
"goAquaFlux_w15","ebullition",10,1,1,180,0,-0.0030075038533289,0.00877616488203341
"goAquaFlux_w15","ebullition",10,4,0,180,0,-0.137201818242116,0.137201818242116
"goAquaFlux_w15","ebullition",10,4,1,180,0,-0.0253000568457631,0.0835323058575611
"goAquaFlux_w15","ebullition",10,10,0,180,0,-0.387846250133467,0.387846250133467
"goAquaFlux_w15","ebullition",10,10,1,180,0,-0.13500960144109,0.192406658449574
"goAquaFlux_w15","ebullition",50,0,NA,60,0,NA,NA
"goAquaFlux_w15","ebullition",50,1,0,180,0,-1,1
"goAquaFlux_w15","ebullition",50,1,1,180,0,-0.528419608956872,0.528419608956872
"goAquaFlux_w15","ebullition",50,4,0,180,0,-1,1
"goAquaFlux_w15","ebullition",50,4,1,180,0,-0.613544435864099,0.613544435864099
"goAquaFlux_w15","ebullition",50,10,0,180,0,-1,1
"goAquaFlux_w15","ebullition",50,10,1,180,0,-0.809504523033783,0.809504523033783
"FS_default","total",2,0,NA,60,0,-0.000180647396457172,0.00145192295444082
"FS_default","total",2,1,0,180,0.0444444444444444,0.172260966032927,0.35949695706491
"FS_default","total",2,1,1,180,0.133333333333333,0.110741002270782,0.256660099727189
"FS_default","total",2,4,0,180,0.138888888888889,0.0850597589014941,0.220684753428437
"FS_default","total",2,4,1,180,0.3,0.0494774924000178,0.196418418368203
"FS_default","total",2,10,0,180,0.3,0.136665416392568,0.159370096012452
"FS_default","total",2,10,1,180,0.355555555555556,0.0834428446386702,0.125167465334028
"FS_default","total",10,0,NA,60,0,-0.00121610638412453,0.00551727463596496
"FS_default","total",10,1,0,180,0.05,0.0694505869128308,0.351991550166328
"FS_default","total",10,1,1,180,0.1,0.115158075090378,0.228797923709986
"FS_default","total",10,4,0,180,0.155555555555556,0.0845553950432574,0.216096190487515
"FS_default","total",10,4,1,180,0.316666666666667,0.093300321261716,0.210945141133689
"FS_default","total",10,10,0,180,0.294444444444444,0.114171997813917,0.139289454841287
"FS_default","total",10,10,1,180,0.344444444444444,0.108977666179857,0.14763520023247
"FS_default","total",50,0,NA,60,0,0.00426275761564207,0.0307982034502623
"FS_default","total",50,1,0,180,0.0611111111111111,0.049785964267666,0.271790441059174
"FS_default","total",50,1,1,180,0.15,0.120163676276729,0.289513716637372
"FS_default","total",50,4,0,180,0.161111111111111,0.0559575432797377,0.194659209704887
"FS_default","total",50,4,1,180,0.327777777777778,0.0186490677463404,0.203017005531617
"FS_default","total",50,10,0,180,0.266666666666667,0.115232651106007,0.14667578521364
"FS_default","total",50,10,1,180,0.338888888888889,0.0942980848498729,0.152457581012325
"FS_default","diffusive",2,0,NA,60,0,-0.000180647396457172,0.00145192295444082
"FS_default","diffusive",2,1,0,180,0.0444444444444444,0.916257248348062,0.916257248348062
"FS_default","diffusive",2,1,1,180,0.133333333333333,0.156302988951179,0.186744901888928
"FS_default","diffusive",2,4,0,180,0.138888888888889,3.46833158182673,3.46833158182673
"FS_default","diffusive",2,4,1,180,0.3,2.13931488596481,2.21217295418931
"FS_default","diffusive",2,10,0,180,0.3,7.42256308835998,7.42256308835998
"FS_default","diffusive",2,10,1,180,0.355555555555556,6.59820460759208,6.59820460759208
"FS_default","diffusive",10,0,NA,60,0,-0.00121610638412453,0.00551727463596496
"FS_default","diffusive",10,1,0,180,0.05,0.234590878306292,0.255288997623571
"FS_default","diffusive",10,1,1,180,0.1,0.134143436504491,0.212377182829395
"FS_default","diffusive",10,4,0,180,0.155555555555556,3.3729770604002,3.3729770604002
"FS_default","diffusive",10,4,1,180,0.316666666666667,2.47964977989065,2.47964977989065
"FS_default","diffusive",10,10,0,180,0.294444444444444,6.94484635063201,6.94484635063201
"FS_default","diffusive",10,10,1,180,0.344444444444444,7.33837282610785,7.33837282610785
"FS_default","diffusive",50,0,NA,60,0,0.00426275761564207,0.0307982034502623
"FS_default","diffusive",50,1,0,180,0.0611111111111111,0.329263542169781,0.330775368480225
"FS_default","diffusive",50,1,1,180,0.15,0.166697847080992,0.327886857263287
"FS_default","diffusive",50,4,0,180,0.161111111111111,3.36611558949851,3.36611558949851
"FS_default","diffusive",50,4,1,180,0.327777777777778,2.26495038144101,2.26495038144101
"FS_default","diffusive",50,10,0,180,0.266666666666667,7.80159497127656,7.80159497127656
"FS_default","diffusive",50,10,1,180,0.338888888888889,7.1446683876723,7.1446683876723
"FS_default","ebullition",2,0,NA,60,0,NA,NA
"FS_default","ebullition",2,1,0,180,0,-1,1
"FS_default","ebullition",2,1,1,180,0,-1,1
"FS_default","ebullition",2,4,0,180,0,-1,1
"FS_default","ebullition",2,4,1,180,0,-1,1
"FS_default","ebullition",2,10,0,180,0,-1,1
"FS_default","ebullition",2,10,1,180,0,-1,1
"FS_default","ebullition",10,0,NA,60,0,NA,NA
"FS_default","ebullition",10,1,0,180,0,-1,1
"FS_default","ebullition",10,1,1,180,0,-1,1
"FS_default","ebullition",10,4,0,180,0,-1,1
"FS_default","ebullition",10,4,1,180,0,-1,1
"FS_default","ebullition",10,10,0,180,0,-1,1
"FS_default","ebullition",10,10,1,180,0,-1,1
"FS_default","ebullition",50,0,NA,60,0,NA,NA
"FS_default","ebullition",50,1,0,180,0,-1,1
"FS_default","ebullition",50,1,1,180,0,-1,1
"FS_default","ebullition",50,4,0,180,0,-1,1
"FS_default","ebullition",50,4,1,180,0,-1,1
"FS_default","ebullition",50,10,0,180,0,-1,1
"FS_default","ebullition",50,10,1,180,0,-1,1
"FS_tuned","total",2,0,NA,60,0,0.000176812820577483,0.0011272393078812
"FS_tuned","total",2,1,0,180,0.00555555555555556,0.0622380516521778,0.0622380516521778
"FS_tuned","total",2,1,1,180,0.0111111111111111,0.0819558107079535,0.0819558107079535
"FS_tuned","total",2,4,0,180,0,0.0587325311877851,0.0587325311877851
"FS_tuned","total",2,4,1,180,0,0.0852665666971644,0.0852665666971644
"FS_tuned","total",2,10,0,180,0,0.0388079823315834,0.0388079823315834
"FS_tuned","total",2,10,1,180,0,0.0513521739139532,0.0513521739139532
"FS_tuned","total",10,0,NA,60,0,-6.45320399402816e-05,0.00422005450863848
"FS_tuned","total",10,1,0,180,0.00555555555555556,0.0456259326636227,0.056703638084966
"FS_tuned","total",10,1,1,180,0,0.0946473051324269,0.0987949133495367
"FS_tuned","total",10,4,0,180,0,0.0601441320061378,0.065706834484848
"FS_tuned","total",10,4,1,180,0,0.102130671512053,0.105891947568492
"FS_tuned","total",10,10,0,180,0,0.0303312381458465,0.0430900933042003
"FS_tuned","total",10,10,1,180,0,0.0552625677635813,0.0566306110459825
"FS_tuned","total",50,0,NA,60,0,-9.44444696277361e-05,0.0176440391683594
"FS_tuned","total",50,1,0,180,0,0.0719621089257372,0.0950017291685129
"FS_tuned","total",50,1,1,180,0,0.12316690795637,0.158231246732283
"FS_tuned","total",50,4,0,180,0,0.0591013965893806,0.089201883878899
"FS_tuned","total",50,4,1,180,0,0.118225915195724,0.125054394924148
"FS_tuned","total",50,10,0,180,0,0.0540123385552382,0.0786311051435923
"FS_tuned","total",50,10,1,180,0,0.0642172572292521,0.0680266921680832
"FS_tuned","diffusive",2,0,NA,60,0,0.000176812820577483,0.0011272393078812
"FS_tuned","diffusive",2,1,0,180,0.00555555555555556,0.000624583870844772,0.003065252304416
"FS_tuned","diffusive",2,1,1,180,0.0111111111111111,-1.93847595941071e-05,0.00309471211309994
"FS_tuned","diffusive",2,4,0,180,0,0.000834963715188133,0.0146260919858184
"FS_tuned","diffusive",2,4,1,180,0,-0.00131702014174394,0.0121898666135119
"FS_tuned","diffusive",2,10,0,180,0,0.00280835585828964,0.0307805764410315
"FS_tuned","diffusive",2,10,1,180,0,0.00279852399851263,0.0301766718048578
"FS_tuned","diffusive",10,0,NA,60,0,-6.45320399402816e-05,0.00422005450863848
"FS_tuned","diffusive",10,1,0,180,0.00555555555555556,0.00308636066325155,0.0225493000021572
"FS_tuned","diffusive",10,1,1,180,0,-0.000301949836349745,0.0198676182410192
"FS_tuned","diffusive",10,4,0,180,0,0.0283060961164275,0.12408170588491
"FS_tuned","diffusive",10,4,1,180,0,0.00320552137893326,0.0692359462654602
"FS_tuned","diffusive",10,10,0,180,0,0.0269346505862049,0.231808411811519
"FS_tuned","diffusive",10,10,1,180,0,-0.0108389576074171,0.198301722652813
"FS_tuned","diffusive",50,0,NA,60,0,-9.44444696277361e-05,0.0176440391683594
"FS_tuned","diffusive",50,1,0,180,0,0.105873931020077,0.206610438695664
"FS_tuned","diffusive",50,1,1,180,0,0.0823187248697367,0.132719576903599
"FS_tuned","diffusive",50,4,0,180,0,0.347302286315603,0.504598365626468
"FS_tuned","diffusive",50,4,1,180,0,0.209545104030151,0.436149873784969
"FS_tuned","diffusive",50,10,0,180,0,0.841166385755357,1.23801777700587
"FS_tuned","diffusive",50,10,1,180,0,0.681990494957456,1.05762453407319
"FS_tuned","ebullition",2,0,NA,60,0,NA,NA
"FS_tuned","ebullition",2,1,0,180,0,0.120615684449435,0.120615684449435
"FS_tuned","ebullition",2,1,1,180,0,0.167912409889348,0.167912409889348
"FS_tuned","ebullition",2,4,0,180,0,0.0815860945822342,0.0815860945822342
"FS_tuned","ebullition",2,4,1,180,0,0.104683609639013,0.104683609639013
"FS_tuned","ebullition",2,10,0,180,0,0.0561108848996515,0.0561108848996515
"FS_tuned","ebullition",2,10,1,180,0,0.0677809183837307,0.0677809183837307
"FS_tuned","ebullition",10,0,NA,60,0,NA,NA
"FS_tuned","ebullition",10,1,0,180,0,0.060265193121914,0.178132445685362
"FS_tuned","ebullition",10,1,1,180,0,0.143286374937367,0.264396323216604
"FS_tuned","ebullition",10,4,0,180,0,0.0467204339993537,0.0781113027458917
"FS_tuned","ebullition",10,4,1,180,0,0.114488051464676,0.120369502876782
"FS_tuned","ebullition",10,10,0,180,0,0.0268655880787557,0.0413611660768339
"FS_tuned","ebullition",10,10,1,180,0,0.0505323898632451,0.0521527082565045
"FS_tuned","ebullition",50,0,NA,60,0,NA,NA
"FS_tuned","ebullition",50,1,0,180,0,-1,1
"FS_tuned","ebullition",50,1,1,180,0,0.142944774884427,0.553402869474532
"FS_tuned","ebullition",50,4,0,180,0,-0.095242443450601,0.203614865875429
"FS_tuned","ebullition",50,4,1,180,0,0.0922880207070393,0.316446223193865
"FS_tuned","ebullition",50,10,0,180,0,-0.138222133712909,0.143644027553249
"FS_tuned","ebullition",50,10,1,180,0,0.0312925132826716,0.116275720941529
"MSP","total",2,0,NA,60,0,0.435534175041183,0.435534175041183
"MSP","total",2,1,0,180,0,-0.430085652927126,0.500287902223278
"MSP","total",2,1,1,180,0.116666666666667,-0.442913199355773,0.493229133775659
"MSP","total",2,4,0,180,0.0444444444444444,-0.385151649925599,0.482239283497297
"MSP","total",2,4,1,180,0.45,-0.380115570847429,0.529295010063673
"MSP","total",2,10,0,180,0,-0.231581632941322,0.251737865194144
"MSP","total",2,10,1,180,0.05,-0.144978821945789,0.267960198924304
"MSP","total",10,0,NA,60,0,1.83053020765788,1.83053020765788
"MSP","total",10,1,0,180,0,-0.152701622701446,0.673061617476828
"MSP","total",10,1,1,180,0.0722222222222222,-0.383536248707492,0.634789167489435
"MSP","total",10,4,0,180,0.0944444444444444,-0.254241242109152,0.464073814776065
"MSP","total",10,4,1,180,0.466666666666667,-0.393898434224991,0.479354748189885
"MSP","total",10,10,0,180,0,-0.206491499299881,0.256413291726621
"MSP","total",10,10,1,180,0.0777777777777778,-0.164444184094297,0.27081649973713
"MSP","total",50,0,NA,60,0.0166666666666667,3.19322528938882,3.19322528938882
"MSP","total",50,1,0,180,0.138888888888889,1.4856948359396,1.4856948359396
"MSP","total",50,1,1,180,0.261111111111111,1.2670659317229,1.2670659317229
"MSP","total",50,4,0,180,0.122222222222222,0.55765676387312,0.864862496829009
"MSP","total",50,4,1,180,0.472222222222222,1.11456262999071,1.11456262999071
"MSP","total",50,10,0,180,0,0.0696416595040268,0.359343662177751
"MSP","total",50,10,1,180,0.0888888888888889,0.330985009898518,0.446193874289513
"MSP","diffusive",2,0,NA,60,0,-0.122098079108222,0.159316553847074
"MSP","diffusive",2,1,0,180,0,0.0312811765901085,0.0479230233848228
"MSP","diffusive",2,1,1,180,0.116666666666667,-0.00252561791928121,0.0536730687792635
"MSP","diffusive",2,4,0,180,0.0444444444444444,0.877783475791994,0.877783475791994
"MSP","diffusive",2,4,1,180,0.45,-0.0184900548251373,0.229214563404852
"MSP","diffusive",2,10,0,180,0,11.0269992714066,11.0269992714066
"MSP","diffusive",2,10,1,180,0.05,11.3896850343892,11.3896850343892
"MSP","diffusive",10,0,NA,60,0,0.20300500437912,0.315953454060967
"MSP","diffusive",10,1,0,180,0,0.0302014985681782,0.108654265060126
"MSP","diffusive",10,1,1,180,0.0722222222222222,-0.00243122755680242,0.0912262783999099
"MSP","diffusive",10,4,0,180,0.0944444444444444,1.031715695234,1.031715695234
"MSP","diffusive",10,4,1,180,0.466666666666667,-0.0219921605232617,0.18493582889532
"MSP","diffusive",10,10,0,180,0,10.0131303130234,10.0131303130234
"MSP","diffusive",10,10,1,180,0.0777777777777778,13.1056799622422,13.1056799622422
"MSP","diffusive",50,0,NA,60,0.0166666666666667,1.06327942030717,1.06327942030717
"MSP","diffusive",50,1,0,180,0.138888888888889,0.556880190453182,0.556880190453182
"MSP","diffusive",50,1,1,180,0.261111111111111,0.226206051592686,0.243995953450918
"MSP","diffusive",50,4,0,180,0.122222222222222,2.4446930098043,2.4446930098043
"MSP","diffusive",50,4,1,180,0.472222222222222,0.620617431778308,0.620617431778308
"MSP","diffusive",50,10,0,180,0,15.1592157801467,15.1592157801467
"MSP","diffusive",50,10,1,180,0.0888888888888889,14.4617725119308,14.4617725119308
"MSP","ebullition",2,0,NA,60,0,NA,NA
"MSP","ebullition",2,1,0,180,0,-0.943761238751389,0.959154310240947
"MSP","ebullition",2,1,1,180,0,-0.972709971521863,0.974352643127145
"MSP","ebullition",2,4,0,180,0,-0.98103610837465,0.98103610837465
"MSP","ebullition",2,4,1,180,0,-1,1
"MSP","ebullition",2,10,0,180,0,-0.991807159854042,0.991807159854042
"MSP","ebullition",2,10,1,180,0,-1,1
"MSP","ebullition",10,0,NA,60,0,NA,NA
"MSP","ebullition",10,1,0,180,0,-0.805445303939783,0.962296239974708
"MSP","ebullition",10,1,1,180,0,-0.908352842535324,0.975346524447223
"MSP","ebullition",10,4,0,180,0,-0.944710003601521,0.949908910993045
"MSP","ebullition",10,4,1,180,0,-1,1
"MSP","ebullition",10,10,0,180,0,-0.968448341125878,0.968448341125878
"MSP","ebullition",10,10,1,180,0,-1,1
"MSP","ebullition",50,0,NA,60,0,NA,NA
"MSP","ebullition",50,1,0,180,0,2.02874838863184,2.02874838863184
"MSP","ebullition",50,1,1,180,0,0.581198116381521,0.993185371920128
"MSP","ebullition",50,4,0,180,0,-0.544525445777563,0.94722739599992
"MSP","ebullition",50,4,1,180,0,-0.873164746661011,1
"MSP","ebullition",50,10,0,180,0,-0.792291170475789,0.965086166868459
"MSP","ebullition",50,10,1,180,0,-0.932203672322049,0.962210295582404
"goFlux_noSep","total",2,0,NA,60,0,0.0158196761606218,0.0158196761606218
"goFlux_noSep","total",2,1,0,180,0,0.118212020892031,0.142095521491023
"goFlux_noSep","total",2,1,1,180,0,0.121586827662228,0.18417456898964
"goFlux_noSep","total",2,4,0,180,0,0.191763505592468,0.191763505592468
"goFlux_noSep","total",2,4,1,180,0,0.176978529045131,0.178568422850022
"goFlux_noSep","total",2,10,0,180,0,0.214298527334923,0.214298527334923
"goFlux_noSep","total",2,10,1,180,0,0.257526478858106,0.257526478858106
"goFlux_noSep","total",10,0,NA,60,0,0.0186678915961014,0.0197768459842745
"goFlux_noSep","total",10,1,0,180,0,0.0995605259246104,0.159514648333287
"goFlux_noSep","total",10,1,1,180,0,0.144028371752286,0.184428187100373
"goFlux_noSep","total",10,4,0,180,0,0.177302441632589,0.179827933013589
"goFlux_noSep","total",10,4,1,180,0,0.199689434930419,0.199689434930419
"goFlux_noSep","total",10,10,0,180,0,0.190160432615473,0.190160432615473
"goFlux_noSep","total",10,10,1,180,0,0.221959369266423,0.221959369266423
"goFlux_noSep","total",50,0,NA,60,0,0.0289321400846607,0.0425156346877155
"goFlux_noSep","total",50,1,0,180,0,0.147847561545936,0.18768183276885
"goFlux_noSep","total",50,1,1,180,0,0.132186169168749,0.163276637377241
"goFlux_noSep","total",50,4,0,180,0,0.173439191887666,0.173439191887666
"goFlux_noSep","total",50,4,1,180,0,0.215035961349608,0.215035961349608
"goFlux_noSep","total",50,10,0,180,0,0.17846625566694,0.17846625566694
"goFlux_noSep","total",50,10,1,180,0,0.227423581444794,0.227423581444794
"endpoint","total",2,0,NA,60,0,-0.0165559693957704,0.0165559693957704
"endpoint","total",2,1,0,180,0,-0.0071689132978925,0.0071689132978925
"endpoint","total",2,1,1,180,0,-0.00678188984753931,0.00772038968277781
"endpoint","total",2,4,0,180,0,-0.00202667523829263,0.00202667523829263
"endpoint","total",2,4,1,180,0,-0.00159642761742573,0.00253217242099125
"endpoint","total",2,10,0,180,0,-0.000715920869763396,0.00075072469845291
"endpoint","total",2,10,1,180,0,-0.000289652562222874,0.00112984472411746
"endpoint","total",10,0,NA,60,0,-0.0187613115989692,0.0207899715055645
"endpoint","total",10,1,0,180,0,-0.00616455723865442,0.00807163659525892
"endpoint","total",10,1,1,180,0,-0.00718709514078496,0.00902440717517886
"endpoint","total",10,4,0,180,0,-0.00231048611582265,0.00281290423709669
"endpoint","total",10,4,1,180,0,-0.0016146464330622,0.00356791715568127
"endpoint","total",10,10,0,180,0,-0.000953329396966068,0.00164047242027098
"endpoint","total",10,10,1,180,0,-7.59224504418905e-05,0.00197118452284359
"endpoint","total",50,0,NA,60,0,-0.0222615944815399,0.0702630828673374
"endpoint","total",50,1,0,180,0,-0.0120161006626346,0.0214966514462462
"endpoint","total",50,1,1,180,0,-0.00443081274819983,0.0217574487359283
"endpoint","total",50,4,0,180,0,-0.00180051284464701,0.00632299294988478
"endpoint","total",50,4,1,180,0,-0.00221129043627936,0.00821513919957061
"endpoint","total",50,10,0,180,0,-0.000984726436986385,0.00425865820509098
"endpoint","total",50,10,1,180,0,-0.000144063355618917,0.00499347813043098
