"Feature","goAquaFlux","FluxSeparator","MSP"
"Implementation","R (goFlux extension)","R package; Shiny app in v2.0.0","Python (R port used here)"
"Designed for","Discrete floating-chamber incubations","Automated DIY chambers, long pump cycles","Chamber CH4 time series (one file per incubation)"
"Gases","Any goFlux gas; bubbles detected on CH4, other gases cut only at abrupt slope change","Any column; ebullition meant for CH4, CO2 diffusive with look_for_bubbles = FALSE","CH4 only"
"Sampling requirements",">= 30 obs; irregular sampling OK (interpolated for detection)","Regular ~1 Hz implied (windows in samples, gaps in s); > 100 obs per cycle","Regular (fs from first step); >= 100 samples; fs > 0.3 Hz (band-pass 0.01-0.15 Hz)"
"Detection statistic","Rolling variance of increments (or of concentration) on robust-standardised series","Running variance of concentration (5 obs)","Butterworth band-pass + rolling mean + peak finding"
"Detection threshold","Adaptive per incubation (quantile / median + k MAD) + max/median ratio guard","Absolute, user-set (default 0.5 conc. units^2)","Relative per incubation (mean + SD/3 of local maxima): always >= 1 peak if the smoothed signal has a local maximum"
"Bubble magnitude","Step regression with shared slope, optional overshoot / re-equilibration term","Last (or max) minus min in a window padded by +/-30 obs","Max within +/-5 samples of the peak minus value 5 samples before"
"Bubble timing reported","Yes (event start/end, step time, peak time)","No (only per-cycle sums and counts)","Yes (peak index)"
"Diffusive flux","goFlux LM/HM model selection before first bubble (bubble gas)","Linear regression on first bubble-free segment (skip 200 obs, use 400); optional HMR","Linear regressions on inter-peak segments of a smoothed signal; kept if r2 > 0.7 and slope > 0; several values per incubation"
"Ebullitive flux","Sum of steps / incubation time x flux term","Sum of rises per hour (conc. units h-1)","Not as a flux: total 'adjusted' CH4 rise (ppm), bubbles per hour, % of max CH4"
"Total flux","Diffusive + ebullitive, checked against endpoint estimate","Not reported (sum of the two outputs)","Not reported"
"Unit conversion","flux.term (V, P, T, A, H2O dilution)","ppm_to_umol (user supplies V, A, T)","Ideal gas with hard-coded chamber V and A; P, T from file"
"Uncertainty","SE for diffusive, each bubble, ebullitive and total","SE of diffusive slope only","None"
"Quality flags","MDF, model diagnostics, inconsistency / suspicious-total flags","r2, p-value of diffusive fit","r2 filter on segments"
"User parameters","Many (detection, magnitude model, diffusive criteria); adaptive defaults","~4 main (cutoffs, IndexSpan, diffusive window)","window_peaks; other constants hard-coded"
"Diagnostics","flux.plot.aqua (fitted event model redrawn)","ggplot panels; Shiny app with manual selection","PNG plots per file (peaks, segments, steps)"
