"id","goAquaFlux","FS_default","MSP"
"s1-ca-a1-1-o-d-08:48",TRUE,FALSE,TRUE
"s1-ca-a1-11-o-d-11:34",TRUE,FALSE,TRUE
"s1-ca-a1-14-o-d-12:17",FALSE,FALSE,TRUE
"s1-ca-a1-2-o-d-09:02",FALSE,FALSE,TRUE
"s1-ca-a1-8-o-d-10:39",TRUE,FALSE,TRUE
"s1-ca-a1-9-o-d-11:00",TRUE,FALSE,TRUE
"s1-ca-a2-11-o-d-12:50",FALSE,FALSE,TRUE
"s1-ca-a2-13-o-d-13:17",TRUE,FALSE,TRUE
"s1-ca-a2-15-o-d-13:43",TRUE,FALSE,TRUE
"s1-ca-a2-2-o-d-10:53",TRUE,FALSE,TRUE
"s1-ca-a2-3-o-d-11:09",TRUE,FALSE,TRUE
"s1-ca-a2-5-o-d-11:33",FALSE,FALSE,TRUE
"s1-ca-a2-8-o-d-12:12",TRUE,FALSE,TRUE
"s1-ca-a2-9-o-d-12:27",TRUE,FALSE,TRUE
"s1-ca-p1-1-o-d-09:25",FALSE,FALSE,TRUE
"s1-ca-p1-13-o-d-14:13",FALSE,FALSE,TRUE
"s1-ca-p1-16-o-d-15:18",TRUE,FALSE,TRUE
"s1-ca-p1-2-o-d-09:43",FALSE,FALSE,TRUE
"s1-ca-r1-1-o-d-08:41",FALSE,FALSE,TRUE
"s1-ca-r1-11-o-d-11:34",FALSE,FALSE,TRUE
"s1-ca-r1-12-o-d-11:45",TRUE,FALSE,TRUE
"s1-ca-r1-13-o-d-11:55",TRUE,TRUE,TRUE
"s1-ca-r1-15-o-d-12:15",FALSE,FALSE,TRUE
"s1-ca-r1-2-o-d-09:03",FALSE,FALSE,TRUE
"s1-ca-r1-4-o-d-09:45",FALSE,FALSE,TRUE
"s1-ca-r1-6-o-d-10:17",FALSE,FALSE,TRUE
"s1-ca-r1-7-o-d-10:38",FALSE,FALSE,TRUE
"s1-cu-a1-1-o-d-07:10",FALSE,FALSE,TRUE
"s1-cu-a1-10-o-d-09:12",TRUE,FALSE,TRUE
"s1-cu-a1-11-o-d-09:23",TRUE,TRUE,TRUE
"s1-cu-a1-12-o-d-09:37",TRUE,TRUE,TRUE
"s1-cu-a1-2-o-d-07:28",FALSE,FALSE,TRUE
"s1-cu-a1-3-o-d-07:40",FALSE,FALSE,TRUE
"s1-cu-a1-4-o-d-07:52",TRUE,FALSE,TRUE
"s1-cu-a1-5-o-d-08:09",TRUE,FALSE,TRUE
"s1-cu-a1-6-o-d-08:23",TRUE,FALSE,TRUE
"s1-cu-a1-7-o-d-08:35",TRUE,FALSE,TRUE
"s1-cu-a1-8-o-d-08:50",TRUE,FALSE,TRUE
"s1-cu-a1-9-o-d-09:01",FALSE,FALSE,TRUE
"s1-cu-a2-1-o-d-06:36",TRUE,TRUE,TRUE
"s1-cu-a2-13-o-d-11:15",TRUE,TRUE,TRUE
"s1-cu-a2-14-o-d-11:32",TRUE,TRUE,TRUE
"s1-cu-a2-15-o-d-11:46",TRUE,TRUE,TRUE
"s1-cu-a2-16-o-d-11:58",TRUE,TRUE,TRUE
"s1-cu-a2-2-o-d-06:52",FALSE,TRUE,TRUE
"s1-cu-a2-3-o-d-06:59",TRUE,TRUE,TRUE
"s1-cu-a2-4-o-d-07:53",TRUE,TRUE,TRUE
"s1-cu-a2-5-o-d-08:02",TRUE,TRUE,TRUE
"s1-cu-a2-6-o-d-08:12",TRUE,TRUE,TRUE
"s1-cu-a2-7-o-d-08:22",TRUE,TRUE,TRUE
"s1-cu-a2-8-o-d-08:33",TRUE,TRUE,TRUE
"s1-cu-a2-9-o-d-08:41",TRUE,TRUE,TRUE
"s1-cu-p1-1-o-d-07:51",TRUE,FALSE,TRUE
"s1-cu-p1-10-o-d-11:28",FALSE,FALSE,TRUE
"s1-cu-p1-11-o-d-11:45",TRUE,FALSE,TRUE
"s1-cu-p1-12-o-d-12:04",TRUE,FALSE,TRUE
"s1-cu-p1-13-o-d-12:21",FALSE,FALSE,TRUE
"s1-cu-p1-14-o-d-12:39",FALSE,FALSE,TRUE
"s1-cu-p1-15-o-d-12:56",FALSE,FALSE,TRUE
"s1-cu-p1-16-o-d-13:14",FALSE,FALSE,TRUE
"s1-cu-p1-2-o-d-08:16",FALSE,FALSE,TRUE
"s1-cu-p1-3-o-d-08:33",FALSE,FALSE,TRUE
"s1-cu-p1-4-o-d-08:50",FALSE,FALSE,TRUE
"s1-cu-p1-5-o-d-09:09",FALSE,FALSE,TRUE
"s1-cu-p1-6-o-d-09:26",TRUE,FALSE,TRUE
"s1-cu-p1-7-o-d-09:43",FALSE,FALSE,TRUE
"s1-cu-p1-8-o-d-10:51",FALSE,FALSE,TRUE
"s1-cu-p1-9-o-d-11:09",TRUE,FALSE,TRUE
"s1-cu-p2-1-o-d-08:35",TRUE,FALSE,TRUE
"s1-cu-p2-10-o-d-11:56",FALSE,FALSE,TRUE
"s1-cu-p2-11-o-d-12:09",FALSE,FALSE,TRUE
"s1-cu-p2-12-o-d-12:22",FALSE,FALSE,TRUE
"s1-cu-p2-13-o-d-12:37",TRUE,FALSE,TRUE
"s1-cu-p2-2-o-d-09:05",FALSE,FALSE,TRUE
"s1-cu-p2-3-o-d-09:22",FALSE,FALSE,TRUE
"s1-cu-p2-4-o-d-09:39",FALSE,FALSE,TRUE
"s1-cu-p2-5-o-d-09:55",TRUE,FALSE,TRUE
"s1-cu-p2-6-o-d-10:13",FALSE,TRUE,TRUE
"s1-cu-p2-7-o-d-10:28",TRUE,FALSE,TRUE
"s1-cu-p2-8-o-d-10:42",TRUE,FALSE,TRUE
"s1-cu-p2-9-o-d-10:56",FALSE,FALSE,TRUE
"s1-cu-r1-10-o-d-08:19",TRUE,FALSE,TRUE
"s1-cu-r1-11-o-d-08:27",FALSE,FALSE,TRUE
"s1-cu-r1-12-o-d-08:35",FALSE,FALSE,TRUE
"s1-cu-r1-4-o-d-06:55",FALSE,FALSE,TRUE
"s1-cu-r1-5-o-d-07:22",FALSE,FALSE,TRUE
"s1-cu-r1-6-o-d-07:39",FALSE,FALSE,TRUE
"s1-cu-r1-7-o-d-07:48",FALSE,FALSE,TRUE
"s1-cu-r1-8-o-d-07:56",TRUE,FALSE,TRUE
"s1-cu-r1-9-o-d-08:04",FALSE,FALSE,TRUE
"s1-cu-r2-1-o-d-06:00",TRUE,FALSE,TRUE
"s1-cu-r2-10-o-d-08:05",TRUE,FALSE,TRUE
"s1-cu-r2-11-o-d-08:20",TRUE,FALSE,TRUE
"s1-cu-r2-12-o-d-08:34",FALSE,FALSE,TRUE
"s1-cu-r2-13-o-d-08:55",TRUE,FALSE,TRUE
"s1-cu-r2-14-o-d-09:04",FALSE,FALSE,TRUE
"s1-cu-r2-15-o-d-09:17",FALSE,FALSE,TRUE
"s1-cu-r2-2-o-d-06:10",TRUE,FALSE,TRUE
"s1-cu-r2-3-o-d-06:22",TRUE,FALSE,TRUE
"s1-cu-r2-4-o-d-06:36",TRUE,FALSE,TRUE
"s1-cu-r2-5-o-d-06:56",FALSE,FALSE,TRUE
"s1-cu-r2-6-o-d-07:07",FALSE,FALSE,TRUE
"s1-cu-r2-7-o-d-07:22",FALSE,FALSE,TRUE
"s1-cu-r2-8-o-d-07:36",FALSE,TRUE,TRUE
"s1-cu-r2-9-o-d-07:46",FALSE,FALSE,TRUE
"s1-da-a2-1-o-d-08:27",TRUE,TRUE,TRUE
"s1-da-a2-10-o-d-10:46",TRUE,FALSE,TRUE
"s1-da-a2-2-o-d-08:40",TRUE,FALSE,TRUE
"s1-da-a2-3-o-d-08:57",TRUE,TRUE,TRUE
"s1-da-a2-4-o-d-09:13",TRUE,FALSE,TRUE
"s1-da-a2-5-o-d-09:29",TRUE,TRUE,TRUE
"s1-da-a2-6-o-d-09:47",FALSE,FALSE,TRUE
"s1-da-a2-7-o-d-10:02",TRUE,FALSE,TRUE
"s1-da-a2-8-o-d-10:22",FALSE,FALSE,TRUE
"s1-da-a2-9-o-d-10:35",TRUE,FALSE,TRUE
"s1-da-p1-1-o-d-08:39",TRUE,FALSE,TRUE
"s1-da-p1-10-o-d-10:34",TRUE,FALSE,TRUE
"s1-da-p1-11-o-d-10:46",FALSE,FALSE,TRUE
"s1-da-p1-12-o-d-10:57",FALSE,FALSE,TRUE
"s1-da-p1-2-o-d-08:54",FALSE,FALSE,TRUE
"s1-da-p1-3-o-d-09:11",TRUE,FALSE,TRUE
"s1-da-p1-4-o-d-09:22",TRUE,FALSE,TRUE
"s1-da-p1-5-o-d-09:33",FALSE,FALSE,TRUE
"s1-da-p1-6-o-d-09:43",FALSE,FALSE,TRUE
"s1-da-p1-7-o-d-09:54",FALSE,FALSE,TRUE
"s1-da-p1-8-o-d-10:05",TRUE,TRUE,TRUE
"s1-da-p1-9-o-d-10:17",TRUE,FALSE,TRUE
"s1-da-p2-10-o-d-12:29",FALSE,FALSE,TRUE
"s1-da-p2-11-o-d-12:38",FALSE,FALSE,TRUE
"s1-da-p2-12-o-d-12:47",TRUE,TRUE,TRUE
"s1-da-p2-13-o-d-12:59",TRUE,TRUE,TRUE
"s1-da-p2-14-o-d-13:15",FALSE,FALSE,TRUE
"s1-da-p2-2-o-d-10:43",TRUE,FALSE,TRUE
"s1-da-p2-4-o-d-11:22",TRUE,FALSE,TRUE
"s1-da-p2-5-o-d-11:37",FALSE,FALSE,TRUE
"s1-da-p2-6-o-d-11:45",TRUE,FALSE,TRUE
"s1-da-p2-7-o-d-11:54",TRUE,FALSE,TRUE
"s1-da-p2-8-o-d-12:04",TRUE,FALSE,TRUE
"s1-da-p2-9-o-d-12:13",TRUE,FALSE,TRUE
"s1-da-r1-1-o-d-08:08",TRUE,FALSE,TRUE
"s1-da-r1-10-o-d-10:29",FALSE,FALSE,TRUE
"s1-da-r1-11-o-d-10:38",FALSE,FALSE,TRUE
"s1-da-r1-2-o-d-08:24",TRUE,FALSE,TRUE
"s1-da-r1-4-o-d-08:56",TRUE,FALSE,TRUE
"s1-da-r1-5-o-d-09:05",TRUE,FALSE,TRUE
"s1-da-r1-6-o-d-09:19",FALSE,FALSE,TRUE
"s1-da-r1-7-o-d-09:31",FALSE,FALSE,TRUE
"s1-da-r1-9-o-d-10:21",TRUE,FALSE,TRUE
"s1-da-r2-1-o-d-08:18",TRUE,FALSE,TRUE
"s1-da-r2-10-o-d-10:42",TRUE,FALSE,TRUE
"s1-da-r2-11-o-d-10:56",TRUE,FALSE,TRUE
"s1-da-r2-3-o-d-08:56",TRUE,FALSE,TRUE
"s1-da-r2-4-o-d-09:07",FALSE,FALSE,TRUE
"s1-da-r2-6-o-d-09:44",FALSE,FALSE,TRUE
"s1-da-r2-7-o-d-10:02",FALSE,FALSE,TRUE
"s1-da-r2-8-o-d-10:13",FALSE,FALSE,TRUE
"s1-da-r2-9-o-d-10:24",FALSE,FALSE,TRUE
"s1-du-a1-2-o-d-09:26",FALSE,FALSE,TRUE
"s1-du-a1-3-o-d-09:38",FALSE,FALSE,TRUE
"s1-du-a1-4-o-d-09:50",FALSE,FALSE,TRUE
"s1-du-a2-1-o-d-07:10",FALSE,FALSE,TRUE
"s1-du-a2-2-o-d-07:23",FALSE,FALSE,TRUE
"s1-du-a2-3-o-d-07:40",FALSE,FALSE,TRUE
"s1-du-p1-1-o-d-08:11",FALSE,FALSE,TRUE
"s1-du-p1-2-o-d-08:27",FALSE,FALSE,TRUE
"s1-du-p1-3-o-d-08:43",FALSE,FALSE,TRUE
"s1-du-p2-1-o-d-07:27",FALSE,FALSE,TRUE
"s1-du-p2-3-o-d-07:56",FALSE,FALSE,TRUE
"s1-du-p2-7-o-d-09:16",FALSE,FALSE,TRUE
"s1-du-r1-2-o-d-08:00",FALSE,FALSE,TRUE
"s1-du-r1-5-o-d-08:56",FALSE,FALSE,TRUE
"s1-du-r1-6-o-d-09:11",FALSE,FALSE,TRUE
"s1-ri-a2-13-o-d-12:26",TRUE,FALSE,TRUE
"s1-ri-a2-14-o-d-12:51",TRUE,FALSE,TRUE
"s1-ri-a2-15-o-d-13:07",FALSE,FALSE,TRUE
"s1-ri-a2-16-o-d-13:20",TRUE,FALSE,TRUE
"s1-ri-p1-12-o-d-13:36",TRUE,FALSE,TRUE
"s1-ri-p1-13-o-d-13:53",FALSE,FALSE,TRUE
"s1-ri-p1-14-o-d-14:05",FALSE,FALSE,TRUE
"s1-ri-p1-15-o-d-14:30",FALSE,FALSE,TRUE
"s1-ri-p1-16-o-d-14:28",FALSE,FALSE,TRUE
"s1-ri-p1-17-o-d-14:43",FALSE,FALSE,TRUE
"s1-ri-p1-18-o-d-14:40",TRUE,FALSE,TRUE
"s1-ri-p1-7-o-d-11:54",FALSE,FALSE,TRUE
"s1-ri-p1-8-o-d-12:14",FALSE,FALSE,TRUE
"s1-ri-p1-9-o-d-12:35",FALSE,FALSE,TRUE
"s1-ri-r2-1-o-d-13:38",TRUE,FALSE,TRUE
"s1-ri-r2-2-o-d-13:52",TRUE,FALSE,TRUE
"s1-ri-r2-3-o-d-14:05",TRUE,FALSE,TRUE
"s1-va-a2-1-o-d-09:02",TRUE,FALSE,TRUE
"s1-va-a2-10-o-d-11:57",FALSE,FALSE,TRUE
"s1-va-a2-13-o-d-13:03",TRUE,FALSE,TRUE
"s1-va-a2-2-o-d-09:17",TRUE,FALSE,TRUE
"s1-va-a2-5-o-d-10:19",FALSE,FALSE,TRUE
"s1-va-a2-6-o-d-10:35",FALSE,FALSE,TRUE
"s1-va-a2-9-o-d-11:44",FALSE,FALSE,TRUE
"s2-ca-a1-1-o-d-08:47",TRUE,FALSE,TRUE
"s2-ca-a1-11-o-d-11:58",TRUE,FALSE,TRUE
"s2-ca-a1-14-o-d-12:56",FALSE,FALSE,TRUE
"s2-ca-a1-2-o-d-08:59",FALSE,FALSE,TRUE
"s2-ca-a2-13-o-d-11:34",FALSE,FALSE,TRUE
"s2-ca-a2-14-o-d-11:49",FALSE,FALSE,TRUE
"s2-ca-a2-15-o-d-12:10",TRUE,FALSE,TRUE
"s2-ca-p1-10-o-d-12:22",FALSE,FALSE,TRUE
"s2-ca-p1-12-o-d-12:58",FALSE,FALSE,TRUE
"s2-ca-p1-13-o-d-13:07",FALSE,FALSE,TRUE
"s2-ca-p1-14-o-d-13:25",FALSE,FALSE,TRUE
"s2-ca-p1-15-o-d-13:35",FALSE,FALSE,TRUE
"s2-ca-p1-9-o-d-12:12",FALSE,FALSE,TRUE
"s2-ca-r1-1-o-d-09:05",FALSE,FALSE,TRUE
"s2-ca-r1-10-o-d-11:26",FALSE,FALSE,TRUE
"s2-ca-r1-11-o-d-11:38",TRUE,FALSE,TRUE
"s2-ca-r1-15-o-d-12:33",FALSE,FALSE,TRUE
"s2-ca-r1-2-o-d-09:23",FALSE,FALSE,TRUE
"s2-ca-r1-5-o-d-10:06",FALSE,FALSE,TRUE
"s2-ca-r1-6-o-d-10:20",FALSE,FALSE,TRUE
"s2-cu-a1-1-o-d-08:17",TRUE,FALSE,TRUE
"s2-cu-a1-10-o-d-10:09",FALSE,FALSE,TRUE
"s2-cu-a1-11-o-d-10:16",TRUE,FALSE,TRUE
"s2-cu-a1-12-o-d-10:31",FALSE,FALSE,TRUE
"s2-cu-a1-13-o-d-10:34",FALSE,FALSE,TRUE
"s2-cu-a1-14-o-d-10:48",TRUE,FALSE,TRUE
"s2-cu-a1-3-o-d-08:50",TRUE,FALSE,TRUE
"s2-cu-a1-5-o-d-09:12",FALSE,FALSE,TRUE
"s2-cu-a1-6-o-d-09:23",TRUE,FALSE,TRUE
"s2-cu-a1-7-o-d-09:37",TRUE,FALSE,TRUE
"s2-cu-a1-8-o-d-09:52",FALSE,FALSE,TRUE
"s2-cu-a1-9-o-d-10:00",FALSE,FALSE,TRUE
"s2-cu-a2-10-o-d-10:22",TRUE,TRUE,TRUE
"s2-cu-a2-11-o-d-10:30",FALSE,FALSE,TRUE
"s2-cu-a2-12-o-d-10:40",TRUE,TRUE,TRUE
"s2-cu-a2-13-o-d-10:54",TRUE,TRUE,TRUE
"s2-cu-a2-14-o-d-11:03",FALSE,FALSE,TRUE
"s2-cu-a2-15-o-d-11:11",FALSE,FALSE,TRUE
"s2-cu-a2-4-o-d-09:13",TRUE,FALSE,TRUE
"s2-cu-a2-5-o-d-09:34",FALSE,FALSE,TRUE
"s2-cu-a2-6-o-d-09:42",FALSE,FALSE,TRUE
"s2-cu-a2-7-o-d-09:50",TRUE,FALSE,TRUE
"s2-cu-a2-8-o-d-10:04",FALSE,FALSE,TRUE
"s2-cu-a2-9-o-d-10:13",TRUE,FALSE,TRUE
"s2-cu-p1-1-o-d-07:38",TRUE,FALSE,TRUE
"s2-cu-p1-10-o-d-09:29",FALSE,FALSE,TRUE
"s2-cu-p1-12-o-d-10:03",TRUE,FALSE,TRUE
"s2-cu-p1-13-o-d-10:11",FALSE,FALSE,TRUE
"s2-cu-p1-14-o-d-10:20",FALSE,FALSE,TRUE
"s2-cu-p1-15-o-d-10:28",FALSE,FALSE,TRUE
"s2-cu-p1-3-o-d-08:05",TRUE,FALSE,TRUE
"s2-cu-p1-4-o-d-08:16",TRUE,FALSE,TRUE
"s2-cu-p1-5-o-d-08:30",TRUE,FALSE,TRUE
"s2-cu-p1-7-o-d-08:54",TRUE,FALSE,TRUE
"s2-cu-p1-8-o-d-09:10",FALSE,FALSE,TRUE
"s2-cu-p1-9-o-d-09:19",FALSE,FALSE,TRUE
"s2-cu-p2-10-o-d-10:52",FALSE,FALSE,TRUE
"s2-cu-p2-11-o-d-11:08",TRUE,FALSE,TRUE
"s2-cu-p2-12-o-d-11:15",TRUE,FALSE,TRUE
"s2-cu-p2-13-o-d-11:23",TRUE,FALSE,TRUE
"s2-cu-p2-14-o-d-11:31",TRUE,FALSE,TRUE
"s2-cu-p2-15-o-d-11:39",FALSE,FALSE,TRUE
"s2-cu-p2-4-o-d-09:21",TRUE,FALSE,TRUE
"s2-cu-p2-5-o-d-09:36",FALSE,FALSE,TRUE
"s2-cu-p2-6-o-d-09:45",TRUE,FALSE,TRUE
"s2-cu-p2-7-o-d-10:03",FALSE,FALSE,TRUE
"s2-cu-p2-8-o-d-10:13",FALSE,FALSE,TRUE
"s2-cu-p2-9-o-d-10:45",FALSE,FALSE,TRUE
"s2-cu-r1-10-o-d-10:23",TRUE,FALSE,TRUE
"s2-cu-r1-11-o-d-10:41",TRUE,FALSE,TRUE
"s2-cu-r1-12-o-d-10:52",FALSE,FALSE,TRUE
"s2-cu-r1-6-o-d-09:14",TRUE,FALSE,TRUE
"s2-cu-r1-7-o-d-09:31",FALSE,FALSE,TRUE
"s2-cu-r1-9-o-d-10:03",FALSE,FALSE,TRUE
"s2-cu-r2-10-o-d-11:10",FALSE,FALSE,TRUE
"s2-cu-r2-11-o-d-11:23",FALSE,FALSE,TRUE
"s2-cu-r2-12-o-d-11:37",FALSE,FALSE,TRUE
"s2-cu-r2-13-o-d-11:45",FALSE,FALSE,TRUE
"s2-cu-r2-14-o-d-11:55",TRUE,FALSE,TRUE
"s2-cu-r2-15-o-d-12:10",FALSE,FALSE,TRUE
"s2-cu-r2-16-o-d-12:17",FALSE,FALSE,TRUE
"s2-cu-r2-7-o-d-10:10",TRUE,FALSE,TRUE
"s2-cu-r2-8-o-d-10:33",TRUE,FALSE,TRUE
"s2-cu-r2-9-o-d-11:00",FALSE,FALSE,TRUE
"s2-da-a1-1-o-d-08:17",FALSE,FALSE,TRUE
"s2-da-a1-2-o-d-08:33",FALSE,FALSE,TRUE
"s2-da-a1-3-o-d-08:43",FALSE,FALSE,TRUE
"s2-da-a2-1-o-d-07:32",TRUE,FALSE,TRUE
"s2-da-a2-10-o-d-09:31",FALSE,FALSE,TRUE
"s2-da-a2-11-o-d-09:57",FALSE,FALSE,TRUE
"s2-da-a2-12-o-d-10:06",TRUE,FALSE,TRUE
"s2-da-a2-13-o-d-10:17",FALSE,FALSE,TRUE
"s2-da-a2-14-o-d-10:29",TRUE,FALSE,TRUE
"s2-da-a2-15-o-d-10:46",FALSE,FALSE,TRUE
"s2-da-a2-2-o-d-07:52",FALSE,FALSE,TRUE
"s2-da-a2-3-o-d-08:04",TRUE,FALSE,TRUE
"s2-da-a2-4-o-d-08:16",FALSE,FALSE,TRUE
"s2-da-a2-5-o-d-08:26",FALSE,FALSE,TRUE
"s2-da-a2-6-o-d-08:36",FALSE,FALSE,TRUE
"s2-da-a2-7-o-d-08:47",FALSE,FALSE,TRUE
"s2-da-a2-8-o-d-09:02",FALSE,FALSE,TRUE
"s2-da-a2-9-o-d-09:17",TRUE,FALSE,TRUE
"s2-da-p1-1-o-d-08:10",FALSE,FALSE,TRUE
"s2-da-p1-10-o-d-09:56",FALSE,FALSE,TRUE
"s2-da-p1-11-o-d-10:08",TRUE,FALSE,TRUE
"s2-da-p1-12-o-d-10:28",FALSE,FALSE,TRUE
"s2-da-p1-2-o-d-08:28",FALSE,FALSE,TRUE
"s2-da-p1-3-o-d-08:38",TRUE,FALSE,TRUE
"s2-da-p1-4-o-d-08:47",FALSE,FALSE,TRUE
"s2-da-p1-5-o-d-08:57",TRUE,FALSE,TRUE
"s2-da-p1-6-o-d-09:08",TRUE,FALSE,TRUE
"s2-da-p1-7-o-d-09:19",TRUE,TRUE,TRUE
"s2-da-p1-8-o-d-09:36",FALSE,FALSE,TRUE
"s2-da-p1-9-o-d-09:46",FALSE,FALSE,TRUE
"s2-da-p2-1-o-d-09:44",TRUE,FALSE,TRUE
"s2-da-p2-10-o-d-11:23",FALSE,FALSE,TRUE
"s2-da-p2-11-o-d-11:33",FALSE,FALSE,TRUE
"s2-da-p2-13-o-d-12:17",FALSE,FALSE,TRUE
"s2-da-p2-14-o-d-12:26",FALSE,FALSE,TRUE
"s2-da-p2-15-o-d-12:34",FALSE,FALSE,TRUE
"s2-da-p2-4-o-d-10:26",TRUE,FALSE,TRUE
"s2-da-p2-5-o-d-10:34",FALSE,FALSE,TRUE
"s2-da-p2-6-o-d-10:42",FALSE,FALSE,TRUE
"s2-da-p2-7-o-d-10:51",TRUE,FALSE,TRUE
"s2-da-p2-8-o-d-11:07",TRUE,FALSE,TRUE
"s2-da-p2-9-o-d-11:15",TRUE,FALSE,TRUE
"s2-da-r1-1-o-d-09:00",FALSE,FALSE,TRUE
"s2-da-r1-10-o-d-11:06",FALSE,FALSE,TRUE
"s2-da-r1-11-o-d-11:15",FALSE,FALSE,TRUE
"s2-da-r1-12-o-d-11:25",FALSE,FALSE,TRUE
"s2-da-r1-13-o-d-11:39",TRUE,FALSE,TRUE
"s2-da-r1-3-o-d-09:33",FALSE,FALSE,TRUE
"s2-da-r1-4-o-d-09:41",FALSE,FALSE,TRUE
"s2-da-r1-5-o-d-09:50",FALSE,FALSE,TRUE
"s2-da-r1-6-o-d-10:00",FALSE,FALSE,TRUE
"s2-da-r1-7-o-d-10:11",FALSE,FALSE,TRUE
"s2-da-r2-1-o-d-07:23",FALSE,FALSE,TRUE
"s2-da-r2-10-o-d-09:18",FALSE,FALSE,TRUE
"s2-da-r2-11-o-d-09:27",FALSE,FALSE,TRUE
"s2-da-r2-12-o-d-09:37",FALSE,FALSE,TRUE
"s2-da-r2-13-o-d-09:46",FALSE,FALSE,TRUE
"s2-da-r2-3-o-d-08:07",TRUE,FALSE,TRUE
"s2-da-r2-4-o-d-08:15",FALSE,FALSE,TRUE
"s2-da-r2-5-o-d-08:25",FALSE,FALSE,TRUE
"s2-da-r2-6-o-d-08:33",FALSE,FALSE,TRUE
"s2-da-r2-7-o-d-08:42",FALSE,FALSE,TRUE
"s2-da-r2-8-o-d-09:00",FALSE,FALSE,TRUE
"s2-da-r2-9-o-d-09:07",FALSE,FALSE,TRUE
"s2-du-a1-1-o-d-09:21",FALSE,FALSE,TRUE
"s2-du-a1-2-o-d-09:36",FALSE,FALSE,TRUE
"s2-du-a1-3-o-d-09:48",FALSE,FALSE,TRUE
"s2-du-a1-9-o-d-11:40",FALSE,FALSE,TRUE
"s2-du-a2-1-o-d-08:54",FALSE,FALSE,TRUE
"s2-du-a2-15-o-d-13:26",TRUE,FALSE,TRUE
"s2-du-a2-2-o-d-09:15",FALSE,FALSE,TRUE
"s2-du-p1-3-o-d-09:31",FALSE,FALSE,TRUE
"s2-du-p1-6-o-d-10:23",FALSE,FALSE,TRUE
"s2-du-p1-7-o-d-10:40",FALSE,FALSE,TRUE
"s2-du-p2-1-o-d-09:17",FALSE,FALSE,TRUE
"s2-du-p2-3-o-d-10:11",FALSE,FALSE,TRUE
"s2-du-p2-5-o-d-10:43",FALSE,FALSE,TRUE
"s2-du-r1-11-o-d-12:07",FALSE,FALSE,TRUE
"s2-du-r1-4-o-d-10:07",FALSE,FALSE,TRUE
"s2-du-r1-5-o-d-10:23",FALSE,FALSE,TRUE
"s2-du-r2-12-o-d-12:13",FALSE,FALSE,TRUE
"s2-du-r2-8-o-d-11:11",FALSE,FALSE,TRUE
"s2-du-r2-9-o-d-11:25",FALSE,FALSE,TRUE
"s2-ri-a2-13-o-d-11:24",TRUE,FALSE,TRUE
"s2-ri-a2-14-o-d-11:39",TRUE,FALSE,TRUE
"s2-ri-a2-15-o-d-11:56",TRUE,FALSE,TRUE
"s2-ri-a2-16-o-d-12:08",FALSE,FALSE,TRUE
"s2-ri-p1-12-o-d-12:25",FALSE,FALSE,TRUE
"s2-ri-p1-13-o-d-12:52",FALSE,FALSE,TRUE
"s2-ri-p1-14-o-d-13:19",FALSE,FALSE,TRUE
"s2-ri-p1-15-o-d-13:41",FALSE,FALSE,TRUE
"s2-ri-p1-7-o-d-10:36",FALSE,FALSE,TRUE
"s2-ri-p1-8-o-d-10:47",FALSE,FALSE,TRUE
"s2-ri-p1-9-o-d-11:10",FALSE,FALSE,TRUE
"s2-ri-r2-1-o-d-12:32",FALSE,FALSE,TRUE
"s2-ri-r2-2-o-d-12:47",FALSE,FALSE,TRUE
"s2-ri-r2-3-o-d-13:26",TRUE,FALSE,TRUE
"s2-va-a1-1-o-d-10:02",FALSE,FALSE,TRUE
"s2-va-a1-15-o-d-14:49",FALSE,FALSE,TRUE
"s2-va-a1-2-o-d-10:21",FALSE,FALSE,TRUE
"s2-va-a1-5-o-d-11:15",FALSE,FALSE,TRUE
"s2-va-a1-8-o-d-12:25",TRUE,FALSE,TRUE
"s2-va-a1-9-o-d-12:42",FALSE,FALSE,TRUE
"s2-va-a2-1-o-d-09:13",FALSE,FALSE,TRUE
"s2-va-a2-10-o-d-11:56",FALSE,FALSE,TRUE
"s2-va-a2-11-o-d-12:03",FALSE,FALSE,TRUE
"s2-va-a2-12-o-d-12:20",FALSE,FALSE,TRUE
"s2-va-a2-2-o-d-09:29",FALSE,FALSE,TRUE
"s2-va-a2-3-o-d-09:36",FALSE,FALSE,TRUE
"s2-va-a2-6-o-d-10:38",FALSE,FALSE,TRUE
"s2-va-a2-7-o-d-10:54",FALSE,FALSE,TRUE
"s2-va-p1-6-o-d-10:34",FALSE,FALSE,TRUE
"s2-va-p1-8-o-d-11:07",FALSE,FALSE,TRUE
"s2-va-p2-1-o-d-09:04",FALSE,FALSE,TRUE
"s2-va-p2-2-o-d-09:20",FALSE,FALSE,TRUE
"s2-va-p2-3-o-d-09:35",FALSE,FALSE,TRUE
"s2-va-p2-4-o-d-09:48",TRUE,FALSE,TRUE
"s2-va-p2-5-o-d-10:05",TRUE,FALSE,TRUE
"s2-va-p2-6-o-d-10:18",FALSE,FALSE,TRUE
"s2-va-p2-7-o-d-10:35",TRUE,TRUE,TRUE
"s2-va-p2-8-o-d-10:53",FALSE,FALSE,TRUE
"s2-va-r1-1-o-d-09:18",FALSE,FALSE,TRUE
"s2-va-r1-13-o-d-13:24",FALSE,FALSE,TRUE
"s2-va-r1-2-o-d-09:35",FALSE,FALSE,TRUE
"s2-va-r1-3-o-d-09:49",FALSE,FALSE,TRUE
"s2-va-r1-4-o-d-10:03",FALSE,FALSE,TRUE
"s2-va-r1-5-o-d-10:22",FALSE,FALSE,TRUE
"s2-va-r1-6-o-d-10:42",FALSE,FALSE,TRUE
"s2-va-r1-7-o-d-11:01",FALSE,FALSE,TRUE
"s2-va-r1-8-o-d-11:15",FALSE,FALSE,TRUE
"s3-ca-a1-1-o-d-07:29",TRUE,FALSE,TRUE
"s3-ca-a1-12-o-d-10:49",FALSE,FALSE,TRUE
"s3-ca-a1-14-o-d-11:27",FALSE,FALSE,TRUE
"s3-ca-a2-1-o-d-07:15",TRUE,FALSE,TRUE
"s3-ca-a2-10-o-d-09:29",FALSE,FALSE,TRUE
"s3-ca-a2-12-o-d-09:56",FALSE,FALSE,TRUE
"s3-ca-a2-14-o-d-10:25",TRUE,FALSE,TRUE
"s3-ca-a2-17-o-d-11:08",TRUE,FALSE,TRUE
"s3-ca-a2-2-o-d-07:43",FALSE,FALSE,TRUE
"s3-ca-a2-4-o-d-08:13",TRUE,FALSE,TRUE
"s3-ca-a2-6-o-d-08:36",FALSE,FALSE,TRUE
"s3-ca-a2-8-o-d-08:58",FALSE,FALSE,TRUE
"s3-ca-r1-1-o-d-07:46",FALSE,FALSE,TRUE
"s3-ca-r1-12-o-d-10:23",FALSE,FALSE,TRUE
"s3-ca-r1-13-o-d-10:41",FALSE,FALSE,TRUE
"s3-ca-r1-2-o-d-08:00",FALSE,FALSE,TRUE
"s3-ca-r1-3-o-d-08:10",TRUE,FALSE,TRUE
"s3-ca-r1-7-o-d-09:12",FALSE,FALSE,TRUE
"s3-ca-r1-8-o-d-09:27",FALSE,FALSE,TRUE
"s3-ca-r2-1-o-d-07:03",TRUE,FALSE,TRUE
"s3-ca-r2-10-o-d-10:04",FALSE,FALSE,TRUE
"s3-ca-r2-2-o-d-07:29",TRUE,FALSE,TRUE
"s3-ca-r2-3-o-d-07:50",TRUE,TRUE,TRUE
"s3-ca-r2-4-o-d-08:06",FALSE,FALSE,TRUE
"s3-ca-r2-5-o-d-08:23",FALSE,FALSE,TRUE
"s3-ca-r2-6-o-d-08:44",FALSE,FALSE,TRUE
"s3-ca-r2-7-o-d-09:01",TRUE,FALSE,TRUE
"s3-ca-r2-8-o-d-09:20",TRUE,FALSE,TRUE
"s3-ca-r2-9-o-d-09:37",FALSE,FALSE,TRUE
"s3-cu-a1-1-o-d-06:39",TRUE,TRUE,TRUE
"s3-cu-a1-10-o-d-09:02",TRUE,FALSE,TRUE
"s3-cu-a1-11-o-d-09:16",TRUE,FALSE,TRUE
"s3-cu-a1-12-o-d-09:25",FALSE,FALSE,TRUE
"s3-cu-a1-2-o-d-06:53",TRUE,TRUE,TRUE
"s3-cu-a1-4-o-d-07:21",FALSE,FALSE,TRUE
"s3-cu-a1-6-o-d-07:53",TRUE,FALSE,TRUE
"s3-cu-a1-8-o-d-08:26",TRUE,FALSE,TRUE
"s3-cu-a1-9-o-d-08:54",FALSE,FALSE,TRUE
"s3-cu-a2-1-o-d-09:26",FALSE,FALSE,TRUE
"s3-cu-a2-10-o-d-12:02",TRUE,TRUE,TRUE
"s3-cu-a2-11-o-d-12:19",TRUE,FALSE,TRUE
"s3-cu-a2-12-o-d-12:29",TRUE,FALSE,TRUE
"s3-cu-a2-13-o-d-12:47",TRUE,FALSE,TRUE
"s3-cu-a2-14-o-d-12:55",TRUE,FALSE,TRUE
"s3-cu-a2-15-o-d-13:07",FALSE,FALSE,TRUE
"s3-cu-a2-7-o-d-11:26",TRUE,TRUE,TRUE
"s3-cu-a2-8-o-d-11:42",TRUE,TRUE,TRUE
"s3-cu-a2-9-o-d-11:52",FALSE,TRUE,TRUE
"s3-cu-p1-10-o-d-08:37",FALSE,FALSE,TRUE
"s3-cu-p1-12-o-d-09:20",FALSE,FALSE,TRUE
"s3-cu-p1-13-o-d-09:28",TRUE,FALSE,TRUE
"s3-cu-p1-14-o-d-09:36",FALSE,FALSE,TRUE
"s3-cu-p1-15-o-d-09:53",FALSE,FALSE,TRUE
"s3-cu-p1-4-o-d-07:12",TRUE,FALSE,TRUE
"s3-cu-p1-5-o-d-07:26",TRUE,FALSE,TRUE
"s3-cu-p1-7-o-d-07:50",TRUE,FALSE,TRUE
"s3-cu-p1-9-o-d-08:23",TRUE,FALSE,TRUE
"s3-cu-p2-5-o-d-10:02",TRUE,FALSE,TRUE
"s3-cu-p2-6-o-d-10:18",TRUE,FALSE,TRUE
"s3-cu-p2-7-o-d-10:36",TRUE,TRUE,TRUE
"s3-cu-p2-8-o-d-11:01",TRUE,FALSE,TRUE
"s3-cu-r1-10-o-d-09:13",FALSE,FALSE,TRUE
"s3-cu-r1-11-o-d-09:28",FALSE,FALSE,TRUE
"s3-cu-r1-12-o-d-09:39",FALSE,FALSE,TRUE
"s3-cu-r1-13-o-d-09:47",FALSE,FALSE,TRUE
"s3-cu-r1-14-o-d-10:03",TRUE,FALSE,TRUE
"s3-cu-r1-3-o-d-07:22",FALSE,FALSE,TRUE
"s3-cu-r1-7-o-d-08:38",FALSE,FALSE,TRUE
"s3-cu-r1-8-o-d-08:55",FALSE,FALSE,TRUE
"s3-cu-r1-9-o-d-09:04",FALSE,FALSE,TRUE
"s3-cu-r2-10-o-d-10:57",TRUE,FALSE,TRUE
"s3-cu-r2-14-o-d-12:19",TRUE,FALSE,TRUE
"s3-cu-r2-4-o-d-07:42",FALSE,FALSE,TRUE
"s3-cu-r2-5-o-d-07:57",TRUE,FALSE,TRUE
"s3-cu-r2-6-o-d-08:26",TRUE,FALSE,TRUE
"s3-cu-r2-7-o-d-08:41",TRUE,FALSE,TRUE
"s3-cu-r2-9-o-d-10:42",FALSE,FALSE,TRUE
"s3-da-a2-1-o-d-06:06",TRUE,TRUE,TRUE
"s3-da-a2-10-o-d-08:57",TRUE,TRUE,TRUE
"s3-da-a2-2-o-d-06:17",TRUE,TRUE,TRUE
"s3-da-a2-3-o-d-06:45",TRUE,FALSE,TRUE
"s3-da-a2-4-o-d-07:00",TRUE,TRUE,TRUE
"s3-da-a2-5-o-d-07:21",TRUE,TRUE,TRUE
"s3-da-a2-6-o-d-07:39",TRUE,TRUE,TRUE
"s3-da-a2-7-o-d-08:04",TRUE,FALSE,TRUE
"s3-da-a2-8-o-d-08:20",TRUE,TRUE,TRUE
"s3-da-a2-9-o-d-08:41",TRUE,FALSE,TRUE
"s3-da-p1-1-o-d-07:09",TRUE,FALSE,TRUE
"s3-da-p1-11-o-d-10:39",FALSE,FALSE,TRUE
"s3-da-p1-12-o-d-10:59",TRUE,FALSE,TRUE
"s3-da-p1-13-o-d-11:20",FALSE,FALSE,TRUE
"s3-da-p1-15-o-d-12:09",FALSE,FALSE,TRUE
"s3-da-p1-2-o-d-07:24",TRUE,FALSE,TRUE
"s3-da-p1-4-o-d-08:06",FALSE,FALSE,TRUE
"s3-da-p1-5-o-d-08:25",TRUE,FALSE,TRUE
"s3-da-p1-6-o-d-08:44",TRUE,FALSE,TRUE
"s3-da-p1-7-o-d-09:06",FALSE,FALSE,TRUE
"s3-da-p1-9-o-d-09:59",TRUE,FALSE,TRUE
"s3-da-p2-1-o-d-08:59",TRUE,FALSE,TRUE
"s3-da-p2-10-o-d-11:05",FALSE,FALSE,TRUE
"s3-da-p2-4-o-d-09:55",FALSE,FALSE,TRUE
"s3-da-p2-5-o-d-10:03",FALSE,FALSE,TRUE
"s3-da-p2-6-o-d-10:17",FALSE,FALSE,TRUE
"s3-da-p2-7-o-d-10:25",TRUE,FALSE,TRUE
"s3-da-p2-8-o-d-10:41",FALSE,FALSE,TRUE
"s3-da-r1-1-o-d-08:22",TRUE,TRUE,TRUE
"s3-da-r1-10-o-d-10:27",TRUE,FALSE,TRUE
"s3-da-r1-11-o-d-10:36",TRUE,FALSE,TRUE
"s3-da-r1-12-o-d-10:45",FALSE,FALSE,TRUE
"s3-da-r1-13-o-d-10:54",FALSE,FALSE,TRUE
"s3-da-r1-14-o-d-11:03",TRUE,FALSE,TRUE
"s3-da-r1-15-o-d-11:13",TRUE,TRUE,TRUE
"s3-da-r1-3-o-d-08:55",FALSE,FALSE,TRUE
"s3-da-r1-4-o-d-09:04",FALSE,FALSE,TRUE
"s3-da-r1-5-o-d-09:12",TRUE,FALSE,TRUE
"s3-da-r1-7-o-d-09:42",FALSE,FALSE,TRUE
"s3-da-r1-9-o-d-10:16",TRUE,FALSE,TRUE
"s3-da-r2-1-o-d-06:15",TRUE,FALSE,TRUE
"s3-da-r2-10-o-d-08:28",FALSE,FALSE,TRUE
"s3-da-r2-11-o-d-08:37",FALSE,FALSE,TRUE
"s3-da-r2-12-o-d-08:45",FALSE,FALSE,TRUE
"s3-da-r2-13-o-d-08:55",FALSE,FALSE,TRUE
"s3-da-r2-14-o-d-09:02",FALSE,FALSE,TRUE
"s3-da-r2-15-o-d-09:10",TRUE,FALSE,TRUE
"s3-da-r2-4-o-d-07:12",TRUE,TRUE,TRUE
"s3-da-r2-6-o-d-07:47",TRUE,FALSE,TRUE
"s3-da-r2-7-o-d-07:57",TRUE,FALSE,TRUE
"s3-da-r2-8-o-d-08:05",FALSE,FALSE,TRUE
"s3-da-r2-9-o-d-08:14",TRUE,FALSE,TRUE
"s3-du-a1-4-o-d-08:41",FALSE,FALSE,TRUE
"s3-du-a1-5-o-d-08:56",FALSE,FALSE,TRUE
"s3-du-a1-8-o-d-09:45",FALSE,FALSE,TRUE
"s3-du-a2-13-o-d-11:43",TRUE,FALSE,TRUE
"s3-du-a2-14-o-d-12:01",FALSE,FALSE,TRUE
"s3-du-a2-15-o-d-12:14",FALSE,FALSE,TRUE
"s3-du-p1-2-o-d-07:47",FALSE,FALSE,TRUE
"s3-du-p1-5-o-d-08:29",FALSE,FALSE,TRUE
"s3-du-p1-7-o-d-09:03",TRUE,FALSE,TRUE
"s3-du-p2-1-o-d-08:05",FALSE,FALSE,TRUE
"s3-du-p2-5-o-d-09:38",FALSE,FALSE,TRUE
"s3-du-p2-9-o-d-11:08",FALSE,FALSE,TRUE
"s3-du-r1-10-o-d-09:37",FALSE,FALSE,TRUE
"s3-du-r1-5-o-d-08:13",FALSE,FALSE,TRUE
"s3-du-r1-6-o-d-08:30",FALSE,FALSE,TRUE
"s3-du-r2-12-o-d-11:41",FALSE,FALSE,TRUE
"s3-du-r2-6-o-d-09:54",FALSE,FALSE,TRUE
"s3-du-r2-7-o-d-10:12",FALSE,FALSE,TRUE
"s3-ri-a2-16-o-d-12:03",FALSE,FALSE,TRUE
"s3-ri-a2-17-o-d-12:23",FALSE,FALSE,TRUE
"s3-ri-a2-18-o-d-13:17",TRUE,FALSE,TRUE
"s3-ri-p1-10-o-d-11:27",FALSE,FALSE,TRUE
"s3-ri-p1-11-o-d-11:45",FALSE,FALSE,TRUE
"s3-ri-p1-15-o-d-13:00",FALSE,FALSE,TRUE
"s3-ri-p1-16-o-d-13:12",TRUE,FALSE,TRUE
"s3-ri-p1-17-o-d-13:28",FALSE,FALSE,TRUE
"s3-ri-p1-7-o-d-10:42",FALSE,FALSE,TRUE
"s3-ri-p2-6-o-d-10:41",FALSE,FALSE,TRUE
"s3-ri-r2-1-o-d-13:44",FALSE,FALSE,TRUE
"s3-ri-r2-2-o-d-13:58",FALSE,FALSE,TRUE
"s3-ri-r2-3-o-d-14:12",FALSE,FALSE,TRUE
"s3-va-a2-1-o-d-08:11",FALSE,FALSE,TRUE
"s3-va-a2-11-o-d-10:53",FALSE,FALSE,TRUE
"s3-va-a2-12-o-d-11:05",TRUE,FALSE,TRUE
"s3-va-a2-2-o-d-08:26",FALSE,FALSE,TRUE
"s3-va-a2-6-o-d-09:34",TRUE,FALSE,TRUE
"s3-va-a2-7-o-d-09:51",FALSE,FALSE,TRUE
"s3-va-a2-8-o-d-09:58",FALSE,FALSE,TRUE
"s3-va-p1-1-o-d-08:24",FALSE,FALSE,TRUE
"s3-va-p1-6-o-d-09:57",FALSE,FALSE,TRUE
"s3-va-p1-7-o-d-10:13",FALSE,FALSE,TRUE
"s3-va-p2-1-o-d-08:21",FALSE,FALSE,TRUE
"s3-va-p2-2-o-d-08:40",TRUE,FALSE,TRUE
"s3-va-p2-3-o-d-08:55",TRUE,FALSE,TRUE
"s3-va-p2-4-o-d-09:11",FALSE,FALSE,TRUE
"s3-va-p2-5-o-d-09:26",TRUE,FALSE,TRUE
"s3-va-p2-6-o-d-09:41",FALSE,FALSE,TRUE
"s3-va-r1-3-o-d-09:23",FALSE,FALSE,TRUE
"s3-va-r1-4-o-d-09:45",FALSE,FALSE,TRUE
"s3-va-r1-8-o-d-11:13",FALSE,FALSE,TRUE
"s3-va-r1-9-o-d-11:29",TRUE,FALSE,TRUE
"s3-va-r2-1-o-d-08:29",FALSE,FALSE,TRUE
"s3-va-r2-13-o-d-11:26",FALSE,FALSE,TRUE
"s3-va-r2-8-o-d-10:12",FALSE,FALSE,TRUE
"s3-va-r2-9-o-d-10:21",FALSE,FALSE,TRUE
"s4-ca-a1-1-o-d-07:16",TRUE,TRUE,TRUE
"s4-ca-a1-2-o-d-07:23",TRUE,TRUE,TRUE
"s4-ca-a1-3-o-d-07:40",TRUE,FALSE,TRUE
"s4-ca-a1-4-o-d-07:50",TRUE,FALSE,TRUE
"s4-ca-a1-5-o-d-08:11",TRUE,FALSE,TRUE
"s4-ca-a1-9-o-d-11:38",FALSE,FALSE,TRUE
"s4-ca-a2-1-o-d-07:49",FALSE,FALSE,TRUE
"s4-ca-a2-11-o-d-10:03",TRUE,TRUE,TRUE
"s4-ca-a2-14-o-d-10:41",TRUE,TRUE,TRUE
"s4-ca-a2-3-o-d-08:18",TRUE,FALSE,TRUE
"s4-ca-a2-5-o-d-08:41",TRUE,TRUE,TRUE
"s4-ca-a2-7-o-d-09:14",FALSE,FALSE,TRUE
"s4-ca-a2-9-o-d-09:36",FALSE,FALSE,TRUE
"s4-ca-p1-1-o-d-07:20",FALSE,FALSE,TRUE
"s4-ca-p1-11-o-d-11:00",TRUE,FALSE,TRUE
"s4-ca-p1-12-o-d-11:19",TRUE,FALSE,TRUE
"s4-ca-p1-13-o-d-11:34",FALSE,FALSE,TRUE
"s4-ca-p1-2-o-d-07:29",FALSE,FALSE,TRUE
"s4-ca-p1-3-o-d-07:45",FALSE,FALSE,TRUE
"s4-ca-r1-7-o-d-08:56",TRUE,FALSE,TRUE
"s4-ca-r1-8-o-d-09:13",FALSE,FALSE,TRUE
"s4-ca-r1-9-o-d-09:38",TRUE,TRUE,TRUE
"s4-ca-r2-13-o-d-10:03",TRUE,TRUE,TRUE
"s4-ca-r2-15-o-d-10:37",TRUE,TRUE,TRUE
"s4-ca-r2-3-o-d-07:35",TRUE,TRUE,TRUE
"s4-ca-r2-4-o-d-07:53",TRUE,FALSE,TRUE
"s4-ca-r2-9-o-d-09:09",FALSE,FALSE,TRUE
"s4-cu-a1-1-o-d-07:42",FALSE,FALSE,TRUE
"s4-cu-a1-10-o-d-09:59",TRUE,FALSE,TRUE
"s4-cu-a1-12-o-d-10:25",TRUE,FALSE,TRUE
"s4-cu-a1-13-o-d-10:39",TRUE,FALSE,TRUE
"s4-cu-a1-14-o-d-10:47",TRUE,FALSE,TRUE
"s4-cu-a1-15-o-d-10:55",FALSE,FALSE,TRUE
"s4-cu-a1-3-o-d-08:09",TRUE,FALSE,TRUE
"s4-cu-a1-5-o-d-08:34",TRUE,TRUE,TRUE
"s4-cu-a1-6-o-d-08:44",TRUE,TRUE,TRUE
"s4-cu-a1-7-o-d-09:01",FALSE,FALSE,TRUE
"s4-cu-a1-8-o-d-09:24",FALSE,FALSE,TRUE
"s4-cu-a1-9-o-d-09:48",TRUE,FALSE,TRUE
"s4-cu-a2-10-o-d-10:20",TRUE,FALSE,TRUE
"s4-cu-a2-11-o-d-10:31",FALSE,TRUE,TRUE
"s4-cu-a2-12-o-d-10:41",FALSE,TRUE,TRUE
"s4-cu-a2-13-o-d-11:00",TRUE,TRUE,TRUE
"s4-cu-a2-14-o-d-11:11",FALSE,FALSE,TRUE
"s4-cu-a2-15-o-d-11:20",FALSE,FALSE,TRUE
"s4-cu-a2-3-o-d-08:08",TRUE,FALSE,TRUE
"s4-cu-a2-6-o-d-09:27",TRUE,TRUE,TRUE
"s4-cu-a2-7-o-d-09:50",FALSE,FALSE,TRUE
"s4-cu-a2-8-o-d-10:01",TRUE,FALSE,TRUE
"s4-cu-a2-9-o-d-10:11",TRUE,TRUE,TRUE
"s4-cu-p1-10-o-d-09:37",FALSE,FALSE,TRUE
"s4-cu-p1-11-o-d-09:46",TRUE,FALSE,TRUE
"s4-cu-p1-12-o-d-09:53",FALSE,FALSE,TRUE
"s4-cu-p1-13-o-d-10:01",FALSE,FALSE,TRUE
"s4-cu-p1-14-o-d-10:09",FALSE,FALSE,TRUE
"s4-cu-p1-15-o-d-10:23",FALSE,FALSE,TRUE
"s4-cu-p1-2-o-d-07:06",FALSE,FALSE,TRUE
"s4-cu-p1-4-o-d-07:29",TRUE,FALSE,TRUE
"s4-cu-p1-7-o-d-08:13",TRUE,FALSE,TRUE
"s4-cu-p1-8-o-d-09:14",FALSE,FALSE,TRUE
"s4-cu-p1-9-o-d-09:29",TRUE,FALSE,TRUE
"s4-cu-p2-10-o-d-08:51",FALSE,FALSE,TRUE
"s4-cu-p2-11-o-d-09:02",FALSE,FALSE,TRUE
"s4-cu-p2-12-o-d-09:12",TRUE,FALSE,TRUE
"s4-cu-p2-13-o-d-09:20",TRUE,FALSE,TRUE
"s4-cu-p2-2-o-d-07:28",TRUE,FALSE,TRUE
"s4-cu-p2-3-o-d-07:44",FALSE,FALSE,TRUE
"s4-cu-p2-4-o-d-07:53",FALSE,FALSE,TRUE
"s4-cu-p2-5-o-d-08:01",FALSE,FALSE,TRUE
"s4-cu-p2-6-o-d-08:09",FALSE,FALSE,TRUE
"s4-cu-p2-7-o-d-08:17",TRUE,FALSE,TRUE
"s4-cu-p2-8-o-d-08:26",TRUE,FALSE,TRUE
"s4-cu-p2-9-o-d-08:43",FALSE,FALSE,TRUE
"s4-cu-r1-10-o-d-09:26",FALSE,FALSE,TRUE
"s4-cu-r1-11-o-d-09:34",FALSE,FALSE,TRUE
"s4-cu-r1-12-o-d-09:49",FALSE,FALSE,TRUE
"s4-cu-r1-13-o-d-09:56",FALSE,FALSE,TRUE
"s4-cu-r1-14-o-d-10:05",TRUE,FALSE,TRUE
"s4-cu-r1-15-o-d-10:14",FALSE,FALSE,TRUE
"s4-cu-r1-3-o-d-07:20",TRUE,FALSE,TRUE
"s4-cu-r1-5-o-d-07:45",TRUE,FALSE,TRUE
"s4-cu-r1-7-o-d-08:29",TRUE,FALSE,TRUE
"s4-cu-r2-1-o-d-06:40",TRUE,FALSE,TRUE
"s4-cu-r2-11-o-d-09:54",TRUE,FALSE,TRUE
"s4-cu-r2-12-o-d-10:10",FALSE,FALSE,TRUE
"s4-cu-r2-13-o-d-10:17",TRUE,FALSE,TRUE
"s4-cu-r2-14-o-d-10:25",FALSE,FALSE,TRUE
"s4-cu-r2-15-o-d-10:38",FALSE,FALSE,TRUE
"s4-cu-r2-5-o-d-07:22",FALSE,FALSE,TRUE
"s4-cu-r2-6-o-d-07:33",TRUE,FALSE,TRUE
"s4-cu-r2-7-o-d-08:07",FALSE,FALSE,TRUE
"s4-da-a2-1-o-d-06:31",FALSE,FALSE,TRUE
"s4-da-a2-10-o-d-08:29",TRUE,TRUE,TRUE
"s4-da-a2-11-o-d-08:39",FALSE,TRUE,TRUE
"s4-da-a2-12-o-d-08:51",TRUE,TRUE,TRUE
"s4-da-a2-13-o-d-09:09",FALSE,TRUE,TRUE
"s4-da-a2-14-o-d-09:18",TRUE,TRUE,TRUE
"s4-da-a2-3-o-d-07:07",FALSE,FALSE,TRUE
"s4-da-a2-4-o-d-07:21",TRUE,FALSE,TRUE
"s4-da-a2-5-o-d-07:33",FALSE,TRUE,TRUE
"s4-da-a2-6-o-d-07:44",FALSE,FALSE,TRUE
"s4-da-a2-7-o-d-07:52",TRUE,FALSE,TRUE
"s4-da-a2-9-o-d-08:18",TRUE,TRUE,TRUE
"s4-da-p1-1-o-d-07:16",FALSE,TRUE,TRUE
"s4-da-p1-10-o-d-09:23",TRUE,TRUE,TRUE
"s4-da-p1-11-o-d-09:33",TRUE,TRUE,TRUE
"s4-da-p1-12-o-d-09:55",TRUE,TRUE,TRUE
"s4-da-p1-13-o-d-10:04",TRUE,TRUE,TRUE
"s4-da-p1-14-o-d-10:13",TRUE,FALSE,TRUE
"s4-da-p1-15-o-d-10:23",TRUE,TRUE,TRUE
"s4-da-p1-5-o-d-08:27",TRUE,TRUE,TRUE
"s4-da-p1-6-o-d-08:41",TRUE,TRUE,TRUE
"s4-da-p1-7-o-d-08:49",TRUE,TRUE,TRUE
"s4-da-p1-8-o-d-08:59",TRUE,TRUE,TRUE
"s4-da-p1-9-o-d-09:08",TRUE,TRUE,TRUE
"s4-da-p2-10-o-d-10:27",TRUE,FALSE,TRUE
"s4-da-p2-12-o-d-10:52",TRUE,FALSE,TRUE
"s4-da-p2-2-o-d-08:56",TRUE,FALSE,TRUE
"s4-da-p2-3-o-d-09:10",TRUE,TRUE,TRUE
"s4-da-p2-5-o-d-09:34",TRUE,TRUE,TRUE
"s4-da-p2-6-o-d-09:41",TRUE,TRUE,TRUE
"s4-da-p2-7-o-d-09:55",TRUE,TRUE,TRUE
"s4-da-p2-8-o-d-10:04",FALSE,FALSE,TRUE
"s4-da-p2-9-o-d-10:12",TRUE,FALSE,TRUE
"s4-da-r1-1-o-d-08:42",TRUE,TRUE,TRUE
"s4-da-r1-5-o-d-10:01",TRUE,TRUE,TRUE
"s4-da-r1-6-o-d-10:17",TRUE,TRUE,TRUE
"s4-da-r2-1-o-d-06:24",TRUE,TRUE,TRUE
"s4-da-r2-10-o-d-08:34",TRUE,TRUE,TRUE
"s4-da-r2-11-o-d-08:44",FALSE,FALSE,TRUE
"s4-da-r2-12-o-d-08:52",FALSE,TRUE,TRUE
"s4-da-r2-13-o-d-09:01",TRUE,TRUE,TRUE
"s4-da-r2-14-o-d-09:20",TRUE,TRUE,TRUE
"s4-da-r2-15-o-d-09:30",FALSE,TRUE,TRUE
"s4-da-r2-3-o-d-07:07",TRUE,TRUE,TRUE
"s4-da-r2-5-o-d-07:34",TRUE,TRUE,TRUE
"s4-da-r2-7-o-d-08:01",TRUE,TRUE,TRUE
"s4-da-r2-8-o-d-08:12",TRUE,TRUE,TRUE
"s4-da-r2-9-o-d-08:26",TRUE,FALSE,TRUE
"s4-du-p1-3-o-d-08:20",FALSE,FALSE,TRUE
"s4-du-p1-5-o-d-08:53",FALSE,FALSE,TRUE
"s4-du-p1-7-o-d-09:27",FALSE,FALSE,TRUE
"s4-du-r1-12-o-d-11:10",FALSE,FALSE,TRUE
"s4-du-r1-4-o-d-09:05",FALSE,FALSE,TRUE
"s4-du-r1-7-o-d-09:48",FALSE,FALSE,TRUE
"s4-du-r2-6-o-d-09:19",FALSE,FALSE,TRUE
"s4-du-r2-7-o-d-09:36",FALSE,FALSE,TRUE
"s4-du-r2-8-o-d-09:51",FALSE,FALSE,TRUE
"s4-ri-a2-13-o-d-09:28",TRUE,FALSE,TRUE
"s4-ri-a2-14-o-d-09:48",TRUE,FALSE,TRUE
"s4-ri-a2-15-o-d-10:03",TRUE,FALSE,TRUE
"s4-ri-p1-13-o-d-10:07",TRUE,FALSE,TRUE
"s4-ri-p1-14-o-d-11:04",FALSE,FALSE,TRUE
"s4-ri-p1-15-o-d-11:15",FALSE,FALSE,TRUE
"s4-ri-p1-5-o-d-07:54",FALSE,FALSE,TRUE
"s4-ri-p1-7-o-d-08:26",TRUE,FALSE,TRUE
"s4-ri-p1-9-o-d-08:56",TRUE,FALSE,TRUE
"s4-ri-r2-1-o-d-10:32",FALSE,FALSE,TRUE
"s4-ri-r2-2-o-d-10:45",FALSE,FALSE,TRUE
"s4-ri-r2-3-o-d-11:00",FALSE,FALSE,TRUE
"s4-va-r1-1-o-d-07:30",FALSE,FALSE,TRUE
"s4-va-r1-2-o-d-07:58",FALSE,FALSE,TRUE
"s4-va-r1-3-o-d-08:17",FALSE,FALSE,TRUE
"s4-va-r1-4-o-d-08:32",TRUE,FALSE,TRUE
"s4-va-r1-5-o-d-08:48",TRUE,FALSE,TRUE
"s4-va-r1-6-o-d-09:03",FALSE,FALSE,TRUE
"s4-va-r1-7-o-d-09:19",FALSE,FALSE,TRUE
"s4-va-r1-8-o-d-09:38",FALSE,FALSE,TRUE
"s4-va-r1-9-o-d-09:54",TRUE,FALSE,TRUE
