"detector","noise_sd","slope","false_alarm","fp_per_inc","false_dC_ppb_med"
"FS_default",2,0.05,0,0,0
"FS_default",2,0.5,0,0,0
"FS_default",2,3,0,0,0
"FS_default",20,0.05,0,0,0
"FS_default",20,0.5,0,0,0
"FS_default",20,3,0,0,0
"FS_default",200,0.05,0,0,0
"FS_default",200,0.5,0,0,0
"FS_default",200,3,0,0,0
"FS_oracle",2,0.05,0,0,0
"FS_oracle",2,0.5,0,0,0
"FS_oracle",2,3,1,1.7,1406.94872187457
"FS_oracle",20,0.05,0,0,0
"FS_oracle",20,0.5,0,0,0
"FS_oracle",20,3,0,0,0
"FS_oracle",200,0.05,0,0,0
"FS_oracle",200,0.5,0,0,0
"FS_oracle",200,3,0,0,0
"gF_diff",2,0.05,0,0,0
"gF_diff",2,0.5,0,0,0
"gF_diff",2,3,0,0,0
"gF_diff",20,0.05,0,0,0
"gF_diff",20,0.5,0,0,0
"gF_diff",20,3,0,0,0
"gF_diff",200,0.05,0,0,0
"gF_diff",200,0.5,0,0,0
"gF_diff",200,3,0,0,0
"gF_diff_w15",2,0.05,0,0,0
"gF_diff_w15",2,0.5,0,0,0
"gF_diff_w15",2,3,0,0,0
"gF_diff_w15",20,0.05,0,0,0
"gF_diff_w15",20,0.5,0.0333333333333333,0.0333333333333333,0
"gF_diff_w15",20,3,0.0333333333333333,0.0333333333333333,0
"gF_diff_w15",200,0.05,0.133333333333333,0.133333333333333,0
"gF_diff_w15",200,0.5,0.166666666666667,0.166666666666667,0
"gF_diff_w15",200,3,0,0,0
"gF_variance",2,0.05,0,0,0
"gF_variance",2,0.5,0,0,0
"gF_variance",2,3,0,0,0
"gF_variance",20,0.05,0,0,0
"gF_variance",20,0.5,0,0,0
"gF_variance",20,3,0,0,0
"gF_variance",200,0.05,0,0,0
"gF_variance",200,0.5,0,0,0
"gF_variance",200,3,0,0,0
"gF_step",2,0.05,0,0,0
"gF_step",2,0.5,0,0,0
"gF_step",2,3,0,0,0
"gF_step",20,0.05,0,0,0
"gF_step",20,0.5,0,0,0
"gF_step",20,3,0,0,0
"gF_step",200,0.05,0,0,0
"gF_step",200,0.5,0,0,0
"gF_step",200,3,0,0,0
