"detector","noise_sd","slope","bubble_mean","n_bubbles","overshoot","recall","fp_per_inc","merge_ratio","relbias_total","relbias_q25","relbias_q75"
"FS_default",2,0.05,50,1,0,0,0,0,-1,-1,-1
"FS_default",2,0.05,50,1,1,0,0,0,-1,-1,-1
"FS_default",2,0.05,50,4,0,0,0,0,-1,-1,-1
"FS_default",2,0.05,50,4,1,0,0,0,-1,-1,-1
"FS_default",2,0.05,50,10,0,0,0,0,-1,-1,-1
"FS_default",2,0.05,50,10,1,0,0,0,-1,-1,-1
"FS_default",2,0.05,250,1,0,0,0,0,-1,-1,-1
"FS_default",2,0.05,250,1,1,0,0,0,-1,-1,-1
"FS_default",2,0.05,250,4,0,0,0,0,-1,-1,-1
"FS_default",2,0.05,250,4,1,0,0,0,-1,-1,-1
"FS_default",2,0.05,250,10,0,0,0,0,-1,-1,-1
"FS_default",2,0.05,250,10,1,0,0,0,-1,-1,-1
"FS_default",2,0.05,1500,1,0,0.2,0,0.2,-1,-1,-1
"FS_default",2,0.05,1500,1,1,0.6,0,0.6,0.120735007729919,-1,0.129837883093588
"FS_default",2,0.05,1500,4,0,0.108333333333333,0,0.0666666666666667,-1,-1,-0.690514615636033
"FS_default",2,0.05,1500,4,1,0.6,0,0.375,-0.109619493191865,-0.310993933098743,-0.00396595601469805
"FS_default",2,0.05,1500,10,0,0.16,0,0.0833333333333333,-0.755463444443304,-1,-0.630050710109946
"FS_default",2,0.05,1500,10,1,0.613333333333333,0,0.22,-0.209395603397103,-0.365842460769063,-0.11055832170245
"FS_default",2,0.5,50,1,0,0,0,0,-1,-1,-1
"FS_default",2,0.5,50,1,1,0,0,0,-1,-1,-1
"FS_default",2,0.5,50,4,0,0,0,0,-1,-1,-1
"FS_default",2,0.5,50,4,1,0,0,0,-1,-1,-1
"FS_default",2,0.5,50,10,0,0,0,0,-1,-1,-1
"FS_default",2,0.5,50,10,1,0,0,0,-1,-1,-1
"FS_default",2,0.5,250,1,0,0,0,0,-1,-1,-1
"FS_default",2,0.5,250,1,1,0,0,0,-1,-1,-1
"FS_default",2,0.5,250,4,0,0,0,0,-1,-1,-1
"FS_default",2,0.5,250,4,1,0,0,0,-1,-1,-1
"FS_default",2,0.5,250,10,0,0,0,0,-1,-1,-1
"FS_default",2,0.5,250,10,1,0,0,0,-1,-1,-1
"FS_default",2,0.5,1500,1,0,0,0,0,-1,-1,-1
"FS_default",2,0.5,1500,1,1,0.466666666666667,0,0.466666666666667,-1,-1,0.144528966821057
"FS_default",2,0.5,1500,4,0,0.116666666666667,0,0.1,-1,-1,-0.580053866906868
"FS_default",2,0.5,1500,4,1,0.641666666666667,0,0.425,-0.102965696666997,-0.31905400651385,-0.0254045166770081
"FS_default",2,0.5,1500,10,0,0.12,0,0.0633333333333333,-0.785572993016366,-1,-0.667492165882501
"FS_default",2,0.5,1500,10,1,0.66,0,0.226666666666667,-0.153965819732196,-0.279129904782477,-0.0583641107396555
"FS_default",2,3,50,1,0,0,0,0,-1,-1,-1
"FS_default",2,3,50,1,1,0,0,0,-1,-1,-1
"FS_default",2,3,50,4,0,0,0,0,-1,-1,-1
"FS_default",2,3,50,4,1,0,0,0,-1,-1,-1
"FS_default",2,3,50,10,0,0,0,0,-1,-1,-1
"FS_default",2,3,50,10,1,0,0,0,-1,-1,-1
"FS_default",2,3,250,1,0,0,0,0,-1,-1,-1
"FS_default",2,3,250,1,1,0,0,0,-1,-1,-1
"FS_default",2,3,250,4,0,0,0,0,-1,-1,-1
"FS_default",2,3,250,4,1,0,0,0,-1,-1,-1
"FS_default",2,3,250,10,0,0,0,0,-1,-1,-1
"FS_default",2,3,250,10,1,0,0,0,-1,-1,-1
"FS_default",2,3,1500,1,0,0.0666666666666667,0,0.0666666666666667,-1,-1,-1
"FS_default",2,3,1500,1,1,0.466666666666667,0,0.466666666666667,-1,-1,0.248115468237398
"FS_default",2,3,1500,4,0,0.0833333333333333,0,0.075,-1,-1,-0.605593700094976
"FS_default",2,3,1500,4,1,0.516666666666667,0,0.366666666666667,-0.176043169400282,-0.533989845183081,0.0467837745017084
"FS_default",2,3,1500,10,0,0.156666666666667,0,0.0866666666666667,-0.74005349630169,-0.824102993463968,-0.645268296297929
"FS_default",2,3,1500,10,1,0.673333333333333,0,0.21,-0.105811940130647,-0.269108911124143,0.00025270470553047
"FS_default",20,0.05,50,1,0,0,0,0,-1,-1,-1
"FS_default",20,0.05,50,1,1,0,0,0,-1,-1,-1
"FS_default",20,0.05,50,4,0,0,0,0,-1,-1,-1
"FS_default",20,0.05,50,4,1,0,0,0,-1,-1,-1
"FS_default",20,0.05,50,10,0,0,0,0,-1,-1,-1
"FS_default",20,0.05,50,10,1,0,0,0,-1,-1,-1
"FS_default",20,0.05,250,1,0,0,0,0,-1,-1,-1
"FS_default",20,0.05,250,1,1,0,0,0,-1,-1,-1
"FS_default",20,0.05,250,4,0,0,0,0,-1,-1,-1
"FS_default",20,0.05,250,4,1,0,0,0,-1,-1,-1
"FS_default",20,0.05,250,10,0,0,0,0,-1,-1,-1
"FS_default",20,0.05,250,10,1,0,0,0,-1,-1,-1
"FS_default",20,0.05,1500,1,0,0.0666666666666667,0,0.0666666666666667,-1,-1,-1
"FS_default",20,0.05,1500,1,1,0.533333333333333,0,0.533333333333333,0.12630984863747,-1,0.151895152809247
"FS_default",20,0.05,1500,4,0,0.15,0,0.1,-1,-1,-0.521659842008118
"FS_default",20,0.05,1500,4,1,0.558333333333333,0,0.4,-0.201196247835284,-0.4386450230717,-0.0326424002913989
"FS_default",20,0.05,1500,10,0,0.126666666666667,0,0.06,-0.904202572340489,-1,-0.694280566996241
"FS_default",20,0.05,1500,10,1,0.646666666666667,0,0.206666666666667,-0.163334825175844,-0.323784424547314,-0.0883991597249401
"FS_default",20,0.5,50,1,0,0,0,0,-1,-1,-1
"FS_default",20,0.5,50,1,1,0,0,0,-1,-1,-1
"FS_default",20,0.5,50,4,0,0,0,0,-1,-1,-1
"FS_default",20,0.5,50,4,1,0,0,0,-1,-1,-1
"FS_default",20,0.5,50,10,0,0,0,0,-1,-1,-1
"FS_default",20,0.5,50,10,1,0,0,0,-1,-1,-1
"FS_default",20,0.5,250,1,0,0,0,0,-1,-1,-1
"FS_default",20,0.5,250,1,1,0,0,0,-1,-1,-1
"FS_default",20,0.5,250,4,0,0,0,0,-1,-1,-1
"FS_default",20,0.5,250,4,1,0,0,0,-1,-1,-1
"FS_default",20,0.5,250,10,0,0,0,0,-1,-1,-1
"FS_default",20,0.5,250,10,1,0,0,0,-1,-1,-1
"FS_default",20,0.5,1500,1,0,0.0666666666666667,0,0.0666666666666667,-1,-1,-1
"FS_default",20,0.5,1500,1,1,0.533333333333333,0,0.533333333333333,0.133706434819463,-1,0.162699693719134
"FS_default",20,0.5,1500,4,0,0.108333333333333,0,0.0833333333333333,-1,-1,-0.607290583178463
"FS_default",20,0.5,1500,4,1,0.525,0,0.383333333333333,-0.184560537841873,-0.427701924989252,-0.052937210639337
"FS_default",20,0.5,1500,10,0,0.103333333333333,0,0.06,-1,-1,-0.692791632900039
"FS_default",20,0.5,1500,10,1,0.676666666666667,0,0.226666666666667,-0.177434750001395,-0.227695996619701,-0.0826099052180188
"FS_default",20,3,50,1,0,0,0,0,-1,-1,-1
"FS_default",20,3,50,1,1,0,0,0,-1,-1,-1
"FS_default",20,3,50,4,0,0,0,0,-1,-1,-1
"FS_default",20,3,50,4,1,0,0,0,-1,-1,-1
"FS_default",20,3,50,10,0,0,0,0,-1,-1,-1
"FS_default",20,3,50,10,1,0,0,0,-1,-1,-1
"FS_default",20,3,250,1,0,0,0,0,-1,-1,-1
"FS_default",20,3,250,1,1,0,0,0,-1,-1,-1
"FS_default",20,3,250,4,0,0,0,0,-1,-1,-1
"FS_default",20,3,250,4,1,0,0,0,-1,-1,-1
"FS_default",20,3,250,10,0,0,0,0,-1,-1,-1
"FS_default",20,3,250,10,1,0,0,0,-1,-1,-1
"FS_default",20,3,1500,1,0,0.0666666666666667,0,0.0666666666666667,-1,-1,-1
"FS_default",20,3,1500,1,1,0.466666666666667,0,0.466666666666667,-1,-1,0.219718568813157
"FS_default",20,3,1500,4,0,0.108333333333333,0,0.0833333333333333,-1,-1,-0.643102845504245
"FS_default",20,3,1500,4,1,0.575,0,0.358333333333333,-0.179592067730672,-0.437413987903836,0.0254777855920712
"FS_default",20,3,1500,10,0,0.106666666666667,0,0.06,-0.89869524143655,-1,-0.742875485764136
"FS_default",20,3,1500,10,1,0.706666666666667,0,0.203333333333333,-0.0651208234166662,-0.146062671458409,0.00575647719047285
"FS_default",200,0.05,50,1,0,0,0,0,-1,-1,-1
"FS_default",200,0.05,50,1,1,0,0,0,-1,-1,-1
"FS_default",200,0.05,50,4,0,0,0,0,-1,-1,-1
"FS_default",200,0.05,50,4,1,0,0,0,-1,-1,-1
"FS_default",200,0.05,50,10,0,0,0,0,-1,-1,-1
"FS_default",200,0.05,50,10,1,0,0,0,-1,-1,-1
"FS_default",200,0.05,250,1,0,0,0,0,-1,-1,-1
"FS_default",200,0.05,250,1,1,0,0,0,-1,-1,-1
"FS_default",200,0.05,250,4,0,0,0,0,-1,-1,-1
"FS_default",200,0.05,250,4,1,0,0,0,-1,-1,-1
"FS_default",200,0.05,250,10,0,0,0,0,-1,-1,-1
"FS_default",200,0.05,250,10,1,0,0,0,-1,-1,-1
"FS_default",200,0.05,1500,1,0,0.3,0,0.3,-1,-1,0.0196028064703636
"FS_default",200,0.05,1500,1,1,0.633333333333333,0,0.633333333333333,0.157955975001615,-1,0.263243370704422
"FS_default",200,0.05,1500,4,0,0.166666666666667,0,0.15,-1,-1,-0.44016179447481
"FS_default",200,0.05,1500,4,1,0.6,0,0.425,-0.0128558084703508,-0.146369971216469,0.120850792219588
"FS_default",200,0.05,1500,10,0,0.14,0,0.0666666666666667,-0.888614612519066,-1,-0.620997707069789
"FS_default",200,0.05,1500,10,1,0.773333333333333,0,0.233333333333333,-0.0427056658139228,-0.118869240226355,0.0168930503355306
"FS_default",200,0.5,50,1,0,0,0,0,-1,-1,-1
"FS_default",200,0.5,50,1,1,0,0,0,-1,-1,-1
"FS_default",200,0.5,50,4,0,0,0,0,-1,-1,-1
"FS_default",200,0.5,50,4,1,0,0,0,-1,-1,-1
"FS_default",200,0.5,50,10,0,0,0,0,-1,-1,-1
"FS_default",200,0.5,50,10,1,0,0,0,-1,-1,-1
"FS_default",200,0.5,250,1,0,0,0,0,-1,-1,-1
"FS_default",200,0.5,250,1,1,0,0,0,-1,-1,-1
"FS_default",200,0.5,250,4,0,0,0,0,-1,-1,-1
"FS_default",200,0.5,250,4,1,0,0,0,-1,-1,-1
"FS_default",200,0.5,250,10,0,0,0,0,-1,-1,-1
"FS_default",200,0.5,250,10,1,0,0,0,-1,-1,-1
"FS_default",200,0.5,1500,1,0,0.1,0,0.1,-1,-1,-1
"FS_default",200,0.5,1500,1,1,0.633333333333333,0,0.633333333333333,0.256696217032453,-1,0.352054906408291
"FS_default",200,0.5,1500,4,0,0.108333333333333,0,0.0916666666666667,-1,-1,-0.576273070434176
"FS_default",200,0.5,1500,4,1,0.566666666666667,0,0.416666666666667,-0.000556963385621796,-0.196857625051398,0.114948608394388
"FS_default",200,0.5,1500,10,0,0.196666666666667,0,0.0866666666666667,-0.757855112340803,-1,-0.544032936692411
"FS_default",200,0.5,1500,10,1,0.803333333333333,0,0.203333333333333,-0.00962232502166107,-0.0638457660229241,0.0523786700657064
"FS_default",200,3,50,1,0,0,0,0,-1,-1,-1
"FS_default",200,3,50,1,1,0,0,0,-1,-1,-1
"FS_default",200,3,50,4,0,0,0,0,-1,-1,-1
"FS_default",200,3,50,4,1,0,0,0,-1,-1,-1
"FS_default",200,3,50,10,0,0,0,0,-1,-1,-1
"FS_default",200,3,50,10,1,0,0,0,-1,-1,-1
"FS_default",200,3,250,1,0,0,0,0,-1,-1,-1
"FS_default",200,3,250,1,1,0,0,0,-1,-1,-1
"FS_default",200,3,250,4,0,0,0,0,-1,-1,-1
"FS_default",200,3,250,4,1,0,0,0,-1,-1,-1
"FS_default",200,3,250,10,0,0,0,0,-1,-1,-1
"FS_default",200,3,250,10,1,0,0,0,-1,-1,-1
"FS_default",200,3,1500,1,0,0.166666666666667,0,0.166666666666667,-1,-1,-1
"FS_default",200,3,1500,1,1,0.6,0,0.6,0.231625449321154,-1,0.392719177074282
"FS_default",200,3,1500,4,0,0.175,0,0.141666666666667,-1,-1,-0.442934398629741
"FS_default",200,3,1500,4,1,0.616666666666667,0,0.433333333333333,0.0325685578687255,-0.111696599492961,0.215230568532506
"FS_default",200,3,1500,10,0,0.243333333333333,0,0.123333333333333,-0.608565509710825,-0.75885804681342,-0.46007033086218
"FS_default",200,3,1500,10,1,0.81,0,0.226666666666667,0.0586147157215004,-0.0240492491344853,0.103270348734185
"FS_oracle",2,0.05,50,1,0,1,0,1,0.147748111177232,0.078135659583437,0.20096547894367
"FS_oracle",2,0.05,50,1,1,1,0,1,0.281547223146501,0.204493065695724,0.420116016954451
"FS_oracle",2,0.05,50,4,0,0.983333333333333,0,0.583333333333333,0.115263884450612,0.0915231948613418,0.131400661617374
"FS_oracle",2,0.05,50,4,1,1,0,0.55,0.139127475567488,0.120279671477588,0.166982190983937
"FS_oracle",2,0.05,50,10,0,1,0,0.166666666666667,0.0543903917625738,0.0505741568891926,0.0596777269574537
"FS_oracle",2,0.05,50,10,1,1,0,0.146666666666667,0.0621069150068594,0.0554173003733832,0.0683212661924842
"FS_oracle",2,0.05,250,1,0,1,0,1,0.0299603431297033,0.0176458240158779,0.0442071618431521
"FS_oracle",2,0.05,250,1,1,1,0,1,0.0657057351124369,0.0458066235052705,0.0838006768526745
"FS_oracle",2,0.05,250,4,0,1,0,0.633333333333333,0.0226027290442747,0.0173269622612089,0.0255807000829016
"FS_oracle",2,0.05,250,4,1,1,0,0.525,0.0357879275744353,0.027943120997816,0.0460597597252327
"FS_oracle",2,0.05,250,10,0,1,0,0.12,0.0118425379180464,0.0103498938309268,0.0134192499209051
"FS_oracle",2,0.05,250,10,1,1,0,0.116666666666667,0.0142645437405834,0.0128367167985072,0.0183508116650185
"FS_oracle",2,0.05,1500,1,0,1,0,1,0.0043479695899345,0.00304963964438259,0.0050891427786662
"FS_oracle",2,0.05,1500,1,1,1,0,1,0.00696985102803545,0.00572359443581551,0.0151119559830038
"FS_oracle",2,0.05,1500,4,0,1,0,0.641666666666667,0.00337045173095764,0.00257029253919067,0.0045320656947509
"FS_oracle",2,0.05,1500,4,1,1,0,0.425,0.00654698445895535,0.00435734015414126,0.00730749557584688
"FS_oracle",2,0.05,1500,10,0,1,0,0.136666666666667,0.00184111049719078,0.00165380672415411,0.00206070284020546
"FS_oracle",2,0.05,1500,10,1,1,0,0.106666666666667,0.00325741615783101,0.00240081878493788,0.00424179640722751
"FS_oracle",2,0.5,50,1,0,1,0,1,0.71189495903029,0.491758933827104,1.14965181224247
"FS_oracle",2,0.5,50,1,1,1,0,1,0.920653155555641,0.705925228876333,1.23224937349147
"FS_oracle",2,0.5,50,4,0,1,0,0.525,0.644537305446547,0.505714435520429,0.781345417620376
"FS_oracle",2,0.5,50,4,1,1,0,0.5,0.672553785593623,0.519623197969499,0.754713848094527
"FS_oracle",2,0.5,50,10,0,0.996666666666667,0,0.15,0.471455389650746,0.420493651186693,0.532324798486899
"FS_oracle",2,0.5,50,10,1,1,0,0.146666666666667,0.482655608699855,0.42812936458859,0.551745658023079
"FS_oracle",2,0.5,250,1,0,1,0,1,0.156675401926266,0.0943959014056104,0.212586770447941
"FS_oracle",2,0.5,250,1,1,1,0,1,0.221149173389008,0.149125750711669,0.308935250361186
"FS_oracle",2,0.5,250,4,0,1,0,0.541666666666667,0.133163512632678,0.10969929663948,0.157954558439934
"FS_oracle",2,0.5,250,4,1,1,0,0.533333333333333,0.17700078606551,0.151928553254855,0.212723446931036
"FS_oracle",2,0.5,250,10,0,1,0,0.15,0.0982152107769823,0.090094325053874,0.107908940419978
"FS_oracle",2,0.5,250,10,1,1,0,0.11,0.11056234000561,0.101048524522714,0.123433139339649
"FS_oracle",2,0.5,1500,1,0,1,0,1,0.0271733485157393,0.0215323309604272,0.0346947594528513
"FS_oracle",2,0.5,1500,1,1,1,0,1,0.0501986041553019,0.0401594637001616,0.067927031586321
"FS_oracle",2,0.5,1500,4,0,1,0,0.675,0.0208032363994116,0.0175928777607328,0.0274921672812367
"FS_oracle",2,0.5,1500,4,1,1,0,0.45,0.0324725704583524,0.0278575859047085,0.0425875951086723
"FS_oracle",2,0.5,1500,10,0,1,0,0.153333333333333,0.0155765450327713,0.014098937435525,0.0177575462969422
"FS_oracle",2,0.5,1500,10,1,1,0,0.1,0.0190103529088653,0.0168203977271393,0.0212489031017583
"FS_oracle",2,3,50,1,0,1,0.633333333333333,1.63333333333333,33.2442744460144,27.3316550409149,44.6177397382885
"FS_oracle",2,3,50,1,1,1,0.766666666666667,1.76666666666667,29.7303603345989,24.4220379549198,41.4769791410151
"FS_oracle",2,3,50,4,0,1,0.133333333333333,0.383333333333333,8.68214591204847,7.72082020658835,9.91498961188681
"FS_oracle",2,3,50,4,1,1,0.1,0.366666666666667,7.73894418838435,5.97289249890484,8.89519705712286
"FS_oracle",2,3,50,10,0,1,0,0.1,3.45551073199735,3.08770147013551,3.72609539048989
"FS_oracle",2,3,50,10,1,1,0,0.113333333333333,3.47449923811398,3.05993370712596,3.84823457388769
"FS_oracle",2,3,250,1,0,1,0.7,1.7,7.68748270766796,5.21192117141937,9.83418789621191
"FS_oracle",2,3,250,1,1,1,0.6,1.6,6.17559856604498,4.81213223266376,8.91208418559623
"FS_oracle",2,3,250,4,0,1,0.166666666666667,0.341666666666667,1.65156529972431,1.24602619837125,2.05237632519794
"FS_oracle",2,3,250,4,1,1,0.133333333333333,0.433333333333333,1.56967170782499,1.41526398410854,1.85571970006002
"FS_oracle",2,3,250,10,0,1,0,0.106666666666667,0.693075884030476,0.640908764938569,0.74941754466231
"FS_oracle",2,3,250,10,1,1,0,0.11,0.687333032629403,0.609396510156122,0.752691261508712
"FS_oracle",2,3,1500,1,0,1,0.733333333333333,1.73333333333333,1.01293553560394,0.636668544610378,1.59471685741833
"FS_oracle",2,3,1500,1,1,1,0.633333333333333,1.63333333333333,1.18429531334914,1.01761158481614,1.81846948544772
"FS_oracle",2,3,1500,4,0,1,0.0333333333333333,0.316666666666667,0.252955382008247,0.209484322535311,0.285781242362597
"FS_oracle",2,3,1500,4,1,1,0.133333333333333,0.391666666666667,0.278048666098988,0.25687308031549,0.333276941086457
"FS_oracle",2,3,1500,10,0,1,0,0.1,0.108590678741651,0.0989951091891792,0.12186593082346
"FS_oracle",2,3,1500,10,1,1,0.0333333333333333,0.103333333333333,0.117387947296959,0.107893960249978,0.135680775423205
"FS_oracle",20,0.05,50,1,0,0,0,0,-1,-1,-1
"FS_oracle",20,0.05,50,1,1,0.166666666666667,0,0.166666666666667,-1,-1,-1
"FS_oracle",20,0.05,50,4,0,0,0,0,-1,-1,-1
"FS_oracle",20,0.05,50,4,1,0.1,0,0.0916666666666667,-1,-1,-0.457302236340899
"FS_oracle",20,0.05,50,10,0,0.0233333333333333,0,0.0133333333333333,-1,-1,-1
"FS_oracle",20,0.05,50,10,1,0.236666666666667,0,0.1,-0.589910594191431,-1,-0.390946832288838
"FS_oracle",20,0.05,250,1,0,0.766666666666667,0,0.766666666666667,0.148396695860571,0.0164157943240509,0.212280396448843
"FS_oracle",20,0.05,250,1,1,1,0,1,0.277547830180466,0.188965788253501,0.360096715726563
"FS_oracle",20,0.05,250,4,0,0.758333333333333,0,0.516666666666667,-0.0555301164330386,-0.165405865380382,0.0489530302819591
"FS_oracle",20,0.05,250,4,1,1,0,0.583333333333333,0.177937100945967,0.124666345019622,0.206705582969906
"FS_oracle",20,0.05,250,10,0,0.886666666666667,0,0.196666666666667,-0.0185427863018843,-0.0719078394751958,0.0159514981867378
"FS_oracle",20,0.05,250,10,1,0.976666666666667,0,0.13,0.0398366912554479,0.0302239479338527,0.0481002626569649
"FS_oracle",20,0.05,1500,1,0,1,0,1,0.0283614837786409,0.0222627112186905,0.0511546322673174
"FS_oracle",20,0.05,1500,1,1,1,0,1,0.0586820119014094,0.0416099816654215,0.0865999842953406
"FS_oracle",20,0.05,1500,4,0,1,0,0.575,0.0142559841793598,0.0118789294060556,0.0201544334124455
"FS_oracle",20,0.05,1500,4,1,1,0,0.458333333333333,0.0286457011603428,0.0251481815070454,0.0336312699428311
"FS_oracle",20,0.05,1500,10,0,1,0,0.15,0.00577892329508749,0.00463610155157516,0.00723769857621828
"FS_oracle",20,0.05,1500,10,1,1,0,0.116666666666667,0.00789065008832551,0.00653522314647722,0.00902287074987895
"FS_oracle",20,0.5,50,1,0,0.0333333333333333,0,0.0333333333333333,-1,-1,-1
"FS_oracle",20,0.5,50,1,1,0.0666666666666667,0,0.0666666666666667,-1,-1,-1
"FS_oracle",20,0.5,50,4,0,0.00833333333333333,0,0.00833333333333333,-1,-1,-1
"FS_oracle",20,0.5,50,4,1,0.208333333333333,0,0.141666666666667,-1,-1,-0.129455951509096
"FS_oracle",20,0.5,50,10,0,0.0333333333333333,0,0.0166666666666667,-1,-1,-1
"FS_oracle",20,0.5,50,10,1,0.283333333333333,0,0.126666666666667,-0.367965416049162,-0.663939992721262,-0.15238135057332
"FS_oracle",20,0.5,250,1,0,0.733333333333333,0,0.733333333333333,0.147062926089983,-0.729080763041781,0.272428136310528
"FS_oracle",20,0.5,250,1,1,1,0,1,0.34923258763788,0.278000362078282,0.494613399819165
"FS_oracle",20,0.5,250,4,0,0.866666666666667,0,0.558333333333333,0.116679474548681,0.0186123813387073,0.189158313874234
"FS_oracle",20,0.5,250,4,1,0.975,0,0.525,0.239481220189944,0.2157609993032,0.309539758301972
"FS_oracle",20,0.5,250,10,0,0.913333333333333,0,0.206666666666667,0.0712620918607939,0.0218031377660745,0.102168720206051
"FS_oracle",20,0.5,250,10,1,0.99,0,0.17,0.142205449345914,0.12358001542826,0.154552661509658
"FS_oracle",20,0.5,1500,1,0,1,0,1,0.0491757487927812,0.0363346651036035,0.0634851723553214
"FS_oracle",20,0.5,1500,1,1,1,0,1,0.0792784344083918,0.063497849672386,0.113546195012589
"FS_oracle",20,0.5,1500,4,0,1,0,0.616666666666667,0.0363526183565357,0.028646121824637,0.0418661775676138
"FS_oracle",20,0.5,1500,4,1,1,0,0.525,0.0478646064410051,0.0393233483038499,0.0656363976957519
"FS_oracle",20,0.5,1500,10,0,1,0,0.146666666666667,0.0188189074700145,0.0176492807938941,0.0225328183098192
"FS_oracle",20,0.5,1500,10,1,1,0,0.116666666666667,0.023330992374781,0.0209235430521313,0.0266600158964856
"FS_oracle",20,3,50,1,0,0,0,0,-1,-1,-1
"FS_oracle",20,3,50,1,1,0.0666666666666667,0,0.0666666666666667,-1,-1,-1
"FS_oracle",20,3,50,4,0,0.0333333333333333,0,0.025,-1,-1,-1
"FS_oracle",20,3,50,4,1,0.25,0,0.166666666666667,-0.470845457286525,-1,0.675779726418253
"FS_oracle",20,3,50,10,0,0.04,0,0.0166666666666667,-1,-1,-1
"FS_oracle",20,3,50,10,1,0.336666666666667,0,0.14,0.107271210998098,-0.224632038560875,0.849456698024443
"FS_oracle",20,3,250,1,0,0.833333333333333,0,0.833333333333333,0.661331383234342,0.358302247083331,1.01490475493432
"FS_oracle",20,3,250,1,1,0.966666666666667,0,0.966666666666667,1.11172834307505,0.686284720611505,1.39184874377362
"FS_oracle",20,3,250,4,0,0.825,0,0.541666666666667,0.582369917027065,0.32449663365288,0.743193059818825
"FS_oracle",20,3,250,4,1,0.991666666666667,0,0.566666666666667,0.815557305309371,0.707456882003843,0.951999375299186
"FS_oracle",20,3,250,10,0,0.943333333333333,0,0.18,0.473047865786006,0.392184182981411,0.567796031454125
"FS_oracle",20,3,250,10,1,0.993333333333333,0,0.166666666666667,0.619796276572601,0.564566917062479,0.674114255970719
"FS_oracle",20,3,1500,1,0,1,0,1,0.153230944434287,0.128750779373337,0.202505352780883
"FS_oracle",20,3,1500,1,1,1,0,1,0.237807646669983,0.168792095389782,0.318876393438271
"FS_oracle",20,3,1500,4,0,1,0,0.591666666666667,0.144764800931855,0.12166747505049,0.157380445653278
"FS_oracle",20,3,1500,4,1,1,0,0.525,0.174710757033713,0.149218526748828,0.207746702458907
"FS_oracle",20,3,1500,10,0,1,0,0.136666666666667,0.100720601658893,0.0879758796960018,0.116719224280142
"FS_oracle",20,3,1500,10,1,1,0,0.12,0.102398085340658,0.0908885673311669,0.121259294929131
"FS_oracle",200,0.05,50,1,0,0,0,0,-1,-1,-1
"FS_oracle",200,0.05,50,1,1,0,0,0,-1,-1,-1
"FS_oracle",200,0.05,50,4,0,0.00833333333333333,0,0.00833333333333333,-1,-1,-1
"FS_oracle",200,0.05,50,4,1,0,0,0,-1,-1,-1
"FS_oracle",200,0.05,50,10,0,0,0,0,-1,-1,-1
"FS_oracle",200,0.05,50,10,1,0,0,0,-1,-1,-1
"FS_oracle",200,0.05,250,1,0,0,0,0,-1,-1,-1
"FS_oracle",200,0.05,250,1,1,0,0,0,-1,-1,-1
"FS_oracle",200,0.05,250,4,0,0,0,0,-1,-1,-1
"FS_oracle",200,0.05,250,4,1,0,0,0,-1,-1,-1
"FS_oracle",200,0.05,250,10,0,0,0,0,-1,-1,-1
"FS_oracle",200,0.05,250,10,1,0.02,0,0.0133333333333333,-1,-1,-1
"FS_oracle",200,0.05,1500,1,0,0.466666666666667,0,0.466666666666667,-1,-1,0.144085052129975
"FS_oracle",200,0.05,1500,1,1,0.766666666666667,0,0.766666666666667,0.301688543482406,0.157288465892839,0.390574058540694
"FS_oracle",200,0.05,1500,4,0,0.458333333333333,0,0.35,-0.266066229186615,-0.573211690420549,-0.067287824153939
"FS_oracle",200,0.05,1500,4,1,0.816666666666667,0,0.55,0.192536638132363,0.0570677794014735,0.237811825973644
"FS_oracle",200,0.05,1500,10,0,0.563333333333333,0,0.196666666666667,-0.260443990960505,-0.401468799994448,-0.130394642531847
"FS_oracle",200,0.05,1500,10,1,0.966666666666667,0,0.19,0.0592758569567731,0.0324384938681392,0.0766284465817163
"FS_oracle",200,0.5,50,1,0,0,0,0,-1,-1,-1
"FS_oracle",200,0.5,50,1,1,0,0,0,-1,-1,-1
"FS_oracle",200,0.5,50,4,0,0,0,0,-1,-1,-1
"FS_oracle",200,0.5,50,4,1,0,0,0,-1,-1,-1
"FS_oracle",200,0.5,50,10,0,0,0,0,-1,-1,-1
"FS_oracle",200,0.5,50,10,1,0,0,0,-1,-1,-1
"FS_oracle",200,0.5,250,1,0,0,0,0,-1,-1,-1
"FS_oracle",200,0.5,250,1,1,0,0,0,-1,-1,-1
"FS_oracle",200,0.5,250,4,0,0,0,0,-1,-1,-1
"FS_oracle",200,0.5,250,4,1,0,0,0,-1,-1,-1
"FS_oracle",200,0.5,250,10,0,0,0,0,-1,-1,-1
"FS_oracle",200,0.5,250,10,1,0.00666666666666667,0,0.00333333333333333,-1,-1,-1
"FS_oracle",200,0.5,1500,1,0,0.433333333333333,0,0.433333333333333,-1,-1,0.117679063187968
"FS_oracle",200,0.5,1500,1,1,0.933333333333333,0,0.933333333333333,0.351503457318074,0.257445894985945,0.508756055954499
"FS_oracle",200,0.5,1500,4,0,0.4,0,0.283333333333333,-0.275705273536223,-0.57615707002389,-0.13502966862947
"FS_oracle",200,0.5,1500,4,1,0.875,0,0.525,0.174016344265498,0.134054907544893,0.245732044415963
"FS_oracle",200,0.5,1500,10,0,0.633333333333333,0,0.223333333333333,-0.211711458516171,-0.282008973336367,-0.134918835539516
"FS_oracle",200,0.5,1500,10,1,0.94,0,0.166666666666667,0.0525752712398723,0.0351359407992133,0.0727486790271256
"FS_oracle",200,3,50,1,0,0,0,0,-1,-1,-1
"FS_oracle",200,3,50,1,1,0,0,0,-1,-1,-1
"FS_oracle",200,3,50,4,0,0,0,0,-1,-1,-1
"FS_oracle",200,3,50,4,1,0,0,0,-1,-1,-1
"FS_oracle",200,3,50,10,0,0,0,0,-1,-1,-1
"FS_oracle",200,3,50,10,1,0,0,0,-1,-1,-1
"FS_oracle",200,3,250,1,0,0,0,0,-1,-1,-1
"FS_oracle",200,3,250,1,1,0,0,0,-1,-1,-1
"FS_oracle",200,3,250,4,0,0,0,0,-1,-1,-1
"FS_oracle",200,3,250,4,1,0,0,0,-1,-1,-1
"FS_oracle",200,3,250,10,0,0,0,0,-1,-1,-1
"FS_oracle",200,3,250,10,1,0.00666666666666667,0,0.00333333333333333,-1,-1,-1
"FS_oracle",200,3,1500,1,0,0.4,0,0.4,-1,-1,0.131649258036822
"FS_oracle",200,3,1500,1,1,0.666666666666667,0,0.666666666666667,0.271087897965007,-1,0.445679677151986
"FS_oracle",200,3,1500,4,0,0.475,0,0.333333333333333,-0.241613706039669,-0.474513926816715,-0.0841546652481741
"FS_oracle",200,3,1500,4,1,0.841666666666667,0,0.55,0.269413506464454,0.181389765651389,0.343195324279938
"FS_oracle",200,3,1500,10,0,0.663333333333333,0,0.24,-0.118781159943365,-0.250169123146812,-0.0313181822350937
"FS_oracle",200,3,1500,10,1,0.973333333333333,0,0.166666666666667,0.127936993119289,0.109832629372189,0.15907355319648
"gF_diff",2,0.05,50,1,0,0.333333333333333,0.0333333333333333,0.366666666666667,-1,-1,-0.00826315143513194
"gF_diff",2,0.05,50,1,1,0.633333333333333,0,0.633333333333333,-0.045589776360978,-1,0.00089827106074331
"gF_diff",2,0.05,50,4,0,0.216666666666667,0,0.208333333333333,-0.736321680508191,-1,-0.565308763456231
"gF_diff",2,0.05,50,4,1,0.791666666666667,0.0333333333333333,0.733333333333333,-0.0803306311715554,-0.342289139528252,-0.0196188751546976
"gF_diff",2,0.05,50,10,0,0.103333333333333,0,0.0866666666666667,-0.862625335097248,-1,-0.810560322737819
"gF_diff",2,0.05,50,10,1,0.226666666666667,0.0333333333333333,0.193333333333333,-0.661488274005969,-0.912596015826155,-0.535357621221723
"gF_diff",2,0.05,250,1,0,1,0,1,7.24025900184244e-06,-0.00253715065825219,0.00126962417215335
"gF_diff",2,0.05,250,1,1,1,0,1,0.000822125194383863,-0.00293067778434449,0.00312527656377169
"gF_diff",2,0.05,250,4,0,0.966666666666667,0,0.858333333333333,-0.00773525926832516,-0.267715061712213,-0.000735302624612959
"gF_diff",2,0.05,250,4,1,0.85,0,0.775,-0.0101965644159691,-0.370052200807238,0.0126811274817848
"gF_diff",2,0.05,250,10,0,0.24,0.0333333333333333,0.186666666666667,-0.830307055845723,-0.903092101411968,-0.682546826959333
"gF_diff",2,0.05,250,10,1,0.28,0,0.22,-0.687957091960424,-0.839358785305646,-0.525212026428315
"gF_diff",2,0.05,1500,1,0,1,0,1,-1.55869321451696e-05,-0.000183511937946797,0.000158683374459334
"gF_diff",2,0.05,1500,1,1,1,0,1,-0.000154231192944023,-0.000319997042810522,0.000220767506636282
"gF_diff",2,0.05,1500,4,0,0.933333333333333,0,0.825,-0.138254092753483,-0.284493296243769,-3.02664516886714e-05
"gF_diff",2,0.05,1500,4,1,0.875,0,0.758333333333333,0.012145670268645,-0.0926181297382914,0.0225008665964623
"gF_diff",2,0.05,1500,10,0,0.283333333333333,0,0.233333333333333,-0.781342580023669,-0.828448479911181,-0.679385366559524
"gF_diff",2,0.05,1500,10,1,0.25,0.0333333333333333,0.206666666666667,-0.683065445681288,-0.864565213138148,-0.499060507492513
"gF_diff",2,0.5,50,1,0,0.3,0,0.3,-1,-1,-0.0920016325656215
"gF_diff",2,0.5,50,1,1,0.9,0,0.9,-0.0226770627208764,-0.102151325175787,0.00319217100188105
"gF_diff",2,0.5,50,4,0,0.333333333333333,0,0.325,-0.650146460161838,-0.978092813299462,-0.402778215321541
"gF_diff",2,0.5,50,4,1,0.766666666666667,0,0.633333333333333,-0.116919935313848,-0.388237729048632,-0.00809157685689382
"gF_diff",2,0.5,50,10,0,0.103333333333333,0,0.0933333333333333,-0.903346727806234,-1,-0.780036604179109
"gF_diff",2,0.5,50,10,1,0.17,0.0333333333333333,0.146666666666667,-0.755411040467344,-0.881633108808739,-0.575397224419076
"gF_diff",2,0.5,250,1,0,1,0,1,4.39715148420571e-05,-0.00158108014843686,0.00141825700742524
"gF_diff",2,0.5,250,1,1,1,0,1,-0.000122613944911577,-0.0015791978851712,0.00191659742866166
"gF_diff",2,0.5,250,4,0,0.933333333333333,0,0.783333333333333,-0.158076330416691,-0.331068448528021,-0.000960664110767229
"gF_diff",2,0.5,250,4,1,0.983333333333333,0,0.841666666666667,0.0106270447011389,-0.0104651318513254,0.021907741039026
"gF_diff",2,0.5,250,10,0,0.336666666666667,0.1,0.26,-0.726073135215241,-0.826544284990905,-0.547064142185132
"gF_diff",2,0.5,250,10,1,0.23,0,0.18,-0.735886282020963,-0.885312516433904,-0.539933081358459
"gF_diff",2,0.5,1500,1,0,1,0,1,-0.000106257737567014,-0.000473632468862044,0.000322899503957154
"gF_diff",2,0.5,1500,1,1,1,0,1,0.000114388998851933,-0.000324238817382914,0.000605123037521712
"gF_diff",2,0.5,1500,4,0,0.933333333333333,0,0.833333333333333,-0.000592472701887804,-0.313833291076346,-6.35194397138011e-05
"gF_diff",2,0.5,1500,4,1,0.925,0,0.791666666666667,-0.0129918736138837,-0.09589337516938,0.0105546636989982
"gF_diff",2,0.5,1500,10,0,0.24,0,0.19,-0.763822718764242,-0.849710040935891,-0.716537729159985
"gF_diff",2,0.5,1500,10,1,0.266666666666667,0,0.216666666666667,-0.708431025342171,-0.782347075294324,-0.588955710600241
"gF_diff",2,3,50,1,0,0.266666666666667,0,0.266666666666667,-1,-1,-0.509149293774994
"gF_diff",2,3,50,1,1,0.766666666666667,0,0.766666666666667,-0.0016262145399317,-0.0829183170972228,0.00837459668000837
"gF_diff",2,3,50,4,0,0.3,0,0.291666666666667,-0.667767985048356,-0.969075399269616,-0.452510775330615
"gF_diff",2,3,50,4,1,0.758333333333333,0,0.666666666666667,-0.104962794831107,-0.319951221261144,-0.0163402767478878
"gF_diff",2,3,50,10,0,0.13,0.0333333333333333,0.11,-0.854061718344546,-1,-0.787535438470319
"gF_diff",2,3,50,10,1,0.18,0.0333333333333333,0.153333333333333,-0.726766534354043,-0.952639994784802,-0.584351028461655
"gF_diff",2,3,250,1,0,1,0,1,0.000362046344751838,-0.00149077705476379,0.00176181544307143
"gF_diff",2,3,250,1,1,1,0,1,0.000575878254251419,-0.00172151014111544,0.00235201286786873
"gF_diff",2,3,250,4,0,0.941666666666667,0,0.808333333333333,-0.102075330373129,-0.363714817441502,-0.000601395281552646
"gF_diff",2,3,250,4,1,0.908333333333333,0,0.791666666666667,0.00215453716562005,-0.410303202575071,0.0238225450248188
"gF_diff",2,3,250,10,0,0.236666666666667,0,0.18,-0.785491785265316,-0.874019918211294,-0.706778718605607
"gF_diff",2,3,250,10,1,0.23,0.0666666666666667,0.186666666666667,-0.710404277094066,-0.940475146705968,-0.603493921650116
"gF_diff",2,3,1500,1,0,1,0,1,6.62628974293438e-05,-0.000234343589874886,0.000307797355175313
"gF_diff",2,3,1500,1,1,1,0,1,-0.000112786497595174,-0.00053552957037927,0.000336371064264569
"gF_diff",2,3,1500,4,0,0.941666666666667,0,0.841666666666667,-0.000565300202195442,-0.215002160614337,-1.28930667792956e-05
"gF_diff",2,3,1500,4,1,0.791666666666667,0,0.666666666666667,-0.0951763629527675,-0.49735739234858,0.00755013562963803
"gF_diff",2,3,1500,10,0,0.28,0,0.22,-0.731911279693729,-0.845224353119212,-0.616482095518778
"gF_diff",2,3,1500,10,1,0.28,0,0.22,-0.711509939849366,-0.861339541447278,-0.532753935303464
"gF_diff",20,0.05,50,1,0,0,0,0,-1,-1,-1
"gF_diff",20,0.05,50,1,1,0,0,0,-1,-1,-1
"gF_diff",20,0.05,50,4,0,0,0,0,-1,-1,-1
"gF_diff",20,0.05,50,4,1,0,0,0,-1,-1,-1
"gF_diff",20,0.05,50,10,0,0,0,0,-1,-1,-1
"gF_diff",20,0.05,50,10,1,0,0,0,-1,-1,-1
"gF_diff",20,0.05,250,1,0,0.0333333333333333,0,0.0333333333333333,-1,-1,-1
"gF_diff",20,0.05,250,1,1,0.433333333333333,0,0.433333333333333,-1,-1,-0.0733351274829531
"gF_diff",20,0.05,250,4,0,0.05,0,0.0416666666666667,-1,-1,-1
"gF_diff",20,0.05,250,4,1,0.316666666666667,0,0.291666666666667,-0.603157402963247,-1,-0.45389286414134
"gF_diff",20,0.05,250,10,0,0.0333333333333333,0,0.03,-1,-1,-1
"gF_diff",20,0.05,250,10,1,0.123333333333333,0,0.12,-0.938594444477926,-1,-0.718317116515165
"gF_diff",20,0.05,1500,1,0,0.933333333333333,0,0.933333333333333,-0.00214753109884563,-0.00549146150939518,0.00176628501015208
"gF_diff",20,0.05,1500,1,1,1,0.0333333333333333,1.03333333333333,0.00064176490520093,-0.00227555843986104,0.00427544083403546
"gF_diff",20,0.05,1500,4,0,0.916666666666667,0,0.825,-0.102707081315209,-0.240041338818559,-0.00172998373850383
"gF_diff",20,0.05,1500,4,1,0.891666666666667,0,0.775,0.00707687763196892,-0.391504976704539,0.0317370088155498
"gF_diff",20,0.05,1500,10,0,0.203333333333333,0.0666666666666667,0.17,-0.78996254482482,-0.933897000080256,-0.592389454241508
"gF_diff",20,0.05,1500,10,1,0.323333333333333,0,0.253333333333333,-0.585251937758336,-0.770685228581097,-0.432993253692155
"gF_diff",20,0.5,50,1,0,0,0,0,-1,-1,-1
"gF_diff",20,0.5,50,1,1,0,0,0,-1,-1,-1
"gF_diff",20,0.5,50,4,0,0,0,0,-1,-1,-1
"gF_diff",20,0.5,50,4,1,0,0,0,-1,-1,-1
"gF_diff",20,0.5,50,10,0,0,0,0,-1,-1,-1
"gF_diff",20,0.5,50,10,1,0,0,0,-1,-1,-1
"gF_diff",20,0.5,250,1,0,0.0333333333333333,0,0.0333333333333333,-1,-1,-1
"gF_diff",20,0.5,250,1,1,0.433333333333333,0,0.433333333333333,-1,-1,-0.110830422020676
"gF_diff",20,0.5,250,4,0,0.0166666666666667,0,0.0166666666666667,-1,-1,-1
"gF_diff",20,0.5,250,4,1,0.308333333333333,0,0.283333333333333,-0.586750621164264,-1,-0.515965773600235
"gF_diff",20,0.5,250,10,0,0.03,0,0.03,-1,-1,-0.942009207630045
"gF_diff",20,0.5,250,10,1,0.133333333333333,0,0.116666666666667,-0.809973054081503,-0.993193006580064,-0.660544060962531
"gF_diff",20,0.5,1500,1,0,0.966666666666667,0.0666666666666667,1.03333333333333,-0.0033287432228487,-0.00489292058862943,0.00182668654944109
"gF_diff",20,0.5,1500,1,1,1,0,1,-0.000832771016725046,-0.0028029385319919,0.000457544684927508
"gF_diff",20,0.5,1500,4,0,0.941666666666667,0,0.858333333333333,-0.031873938089674,-0.186399376427369,-0.00240716612601958
"gF_diff",20,0.5,1500,4,1,0.983333333333333,0,0.9,0.00371483995132561,-0.0623730870945944,0.0249344680501009
"gF_diff",20,0.5,1500,10,0,0.233333333333333,0,0.17,-0.831448608835494,-0.925385720822761,-0.711192790726314
"gF_diff",20,0.5,1500,10,1,0.253333333333333,0,0.2,-0.708735902238548,-0.864940771571988,-0.597195478146319
"gF_diff",20,3,50,1,0,0,0,0,-1,-1,-1
"gF_diff",20,3,50,1,1,0,0,0,-1,-1,-1
"gF_diff",20,3,50,4,0,0,0,0,-1,-1,-1
"gF_diff",20,3,50,4,1,0,0,0,-1,-1,-1
"gF_diff",20,3,50,10,0,0,0,0,-1,-1,-1
"gF_diff",20,3,50,10,1,0.00333333333333333,0,0.00333333333333333,-1,-1,-1
"gF_diff",20,3,250,1,0,0.133333333333333,0,0.133333333333333,-1,-1,-1
"gF_diff",20,3,250,1,1,0.466666666666667,0,0.466666666666667,-1,-1,-0.0204772461472965
"gF_diff",20,3,250,4,0,0.0166666666666667,0,0.0166666666666667,-1,-1,-1
"gF_diff",20,3,250,4,1,0.333333333333333,0,0.308333333333333,-0.554457598653408,-0.802556021306043,-0.408119568638229
"gF_diff",20,3,250,10,0,0.0333333333333333,0,0.03,-1,-1,-0.942050574656547
"gF_diff",20,3,250,10,1,0.13,0,0.1,-0.812739657198405,-0.911846693437397,-0.758304969110802
"gF_diff",20,3,1500,1,0,1,0,1,-0.00236163385106288,-0.0050970998183732,-0.000273984186674397
"gF_diff",20,3,1500,1,1,1,0,1,-0.0018256946941263,-0.00475837062496276,0.00256268338415837
"gF_diff",20,3,1500,4,0,0.891666666666667,0,0.816666666666667,-0.109696756007109,-0.266587594623121,-0.000792386378666101
"gF_diff",20,3,1500,4,1,0.908333333333333,0,0.8,0.00591955296840096,-0.316808240845736,0.0208003461373403
"gF_diff",20,3,1500,10,0,0.21,0.0333333333333333,0.18,-0.779252294273479,-0.908223244596108,-0.697617196668742
"gF_diff",20,3,1500,10,1,0.253333333333333,0,0.2,-0.719634652938006,-0.865211004940544,-0.581501666692889
"gF_diff",200,0.05,50,1,0,0,0.0333333333333333,0.0333333333333333,-1,-1,-1
"gF_diff",200,0.05,50,1,1,0,0,0,-1,-1,-1
"gF_diff",200,0.05,50,4,0,0,0,0,-1,-1,-1
"gF_diff",200,0.05,50,4,1,0,0,0,-1,-1,-1
"gF_diff",200,0.05,50,10,0,0,0,0,-1,-1,-1
"gF_diff",200,0.05,50,10,1,0,0,0,-1,-1,-1
"gF_diff",200,0.05,250,1,0,0,0,0,-1,-1,-1
"gF_diff",200,0.05,250,1,1,0,0,0,-1,-1,-1
"gF_diff",200,0.05,250,4,0,0,0,0,-1,-1,-1
"gF_diff",200,0.05,250,4,1,0,0,0,-1,-1,-1
"gF_diff",200,0.05,250,10,0,0,0,0,-1,-1,-1
"gF_diff",200,0.05,250,10,1,0,0,0,-1,-1,-1
"gF_diff",200,0.05,1500,1,0,0.0333333333333333,0,0.0333333333333333,-1,-1,-1
"gF_diff",200,0.05,1500,1,1,0.233333333333333,0,0.233333333333333,-1,-1,-1
"gF_diff",200,0.05,1500,4,0,0.00833333333333333,0,0.00833333333333333,-1,-1,-1
"gF_diff",200,0.05,1500,4,1,0.108333333333333,0,0.108333333333333,-1,-1,-0.721409252521657
"gF_diff",200,0.05,1500,10,0,0,0,0,-1,-1,-1
"gF_diff",200,0.05,1500,10,1,0.0533333333333333,0,0.05,-1,-1,-0.819416001235311
"gF_diff",200,0.5,50,1,0,0,0,0,-1,-1,-1
"gF_diff",200,0.5,50,1,1,0,0,0,-1,-1,-1
"gF_diff",200,0.5,50,4,0,0,0,0,-1,-1,-1
"gF_diff",200,0.5,50,4,1,0,0,0,-1,-1,-1
"gF_diff",200,0.5,50,10,0,0,0,0,-1,-1,-1
"gF_diff",200,0.5,50,10,1,0,0,0,-1,-1,-1
"gF_diff",200,0.5,250,1,0,0,0,0,-1,-1,-1
"gF_diff",200,0.5,250,1,1,0,0,0,-1,-1,-1
"gF_diff",200,0.5,250,4,0,0,0,0,-1,-1,-1
"gF_diff",200,0.5,250,4,1,0,0,0,-1,-1,-1
"gF_diff",200,0.5,250,10,0,0,0,0,-1,-1,-1
"gF_diff",200,0.5,250,10,1,0,0,0,-1,-1,-1
"gF_diff",200,0.5,1500,1,0,0,0,0,-1,-1,-1
"gF_diff",200,0.5,1500,1,1,0.133333333333333,0,0.133333333333333,-1,-1,-1
"gF_diff",200,0.5,1500,4,0,0,0,0,-1,-1,-1
"gF_diff",200,0.5,1500,4,1,0.108333333333333,0,0.108333333333333,-1,-1,-0.609420499127219
"gF_diff",200,0.5,1500,10,0,0,0,0,-1,-1,-1
"gF_diff",200,0.5,1500,10,1,0.0333333333333333,0.0333333333333333,0.0333333333333333,-1,-1,-0.941651421986887
"gF_diff",200,3,50,1,0,0,0,0,-1,-1,-1
"gF_diff",200,3,50,1,1,0,0,0,-1,-1,-1
"gF_diff",200,3,50,4,0,0,0,0,-1,-1,-1
"gF_diff",200,3,50,4,1,0,0,0,-1,-1,-1
"gF_diff",200,3,50,10,0,0,0,0,-1,-1,-1
"gF_diff",200,3,50,10,1,0,0,0,-1,-1,-1
"gF_diff",200,3,250,1,0,0,0,0,-1,-1,-1
"gF_diff",200,3,250,1,1,0,0,0,-1,-1,-1
"gF_diff",200,3,250,4,0,0,0,0,-1,-1,-1
"gF_diff",200,3,250,4,1,0,0,0,-1,-1,-1
"gF_diff",200,3,250,10,0,0,0,0,-1,-1,-1
"gF_diff",200,3,250,10,1,0,0,0,-1,-1,-1
"gF_diff",200,3,1500,1,0,0,0,0,-1,-1,-1
"gF_diff",200,3,1500,1,1,0.0666666666666667,0,0.0666666666666667,-1,-1,-1
"gF_diff",200,3,1500,4,0,0,0,0,-1,-1,-1
"gF_diff",200,3,1500,4,1,0.1,0,0.1,-1,-1,-0.745816203585303
"gF_diff",200,3,1500,10,0,0.00666666666666667,0,0.00666666666666667,-1,-1,-1
"gF_diff",200,3,1500,10,1,0.0533333333333333,0,0.0533333333333333,-1,-1,-0.854811410804587
"gF_diff_w15",2,0.05,50,1,0,0.466666666666667,0,0.466666666666667,-1,-1,-0.00826315143513194
"gF_diff_w15",2,0.05,50,1,1,0.866666666666667,0,0.866666666666667,-0.0244970311073303,-0.125677487309589,0.00089827106074331
"gF_diff_w15",2,0.05,50,4,0,0.325,0,0.325,-0.669310217208262,-0.78549344429535,-0.452762750382132
"gF_diff_w15",2,0.05,50,4,1,0.891666666666667,0,0.866666666666667,-0.0160793092792049,-0.144986756088935,0.0274099101393364
"gF_diff_w15",2,0.05,50,10,0,0.29,0,0.266666666666667,-0.701153141354423,-0.75669568640552,-0.626712295343072
"gF_diff_w15",2,0.05,50,10,1,0.7,0,0.593333333333333,-0.173340319419492,-0.265620283904479,-0.0349919692405421
"gF_diff_w15",2,0.05,250,1,0,1,0,1,0.000265699924406723,-0.00253715065825219,0.000782248177358801
"gF_diff_w15",2,0.05,250,1,1,1,0,1,0.000822125194383863,-0.00339238459594928,0.00312527656377169
"gF_diff_w15",2,0.05,250,4,0,0.983333333333333,0,0.958333333333333,-0.00119934773745781,-0.00571476337885767,-0.000189371093169547
"gF_diff_w15",2,0.05,250,4,1,0.95,0,0.908333333333333,0.00392922028144749,-0.0272275407726498,0.0181351417440567
"gF_diff_w15",2,0.05,250,10,0,0.873333333333333,0,0.736666666666667,-0.257703165614342,-0.320443206735539,-0.148835861251706
"gF_diff_w15",2,0.05,250,10,1,0.873333333333333,0,0.74,0.0102191022298302,-0.179780149725731,0.107913557787723
"gF_diff_w15",2,0.05,1500,1,0,1,0,1,-1.55869321451696e-05,-0.000183511937946797,0.000158683374459334
"gF_diff_w15",2,0.05,1500,1,1,1,0,1,-0.000154231192944023,-0.000319997042810522,0.000220767506636282
"gF_diff_w15",2,0.05,1500,4,0,0.983333333333333,0,0.933333333333333,-0.00012077469073339,-0.000618200705405226,5.18203784036619e-05
"gF_diff_w15",2,0.05,1500,4,1,0.908333333333333,0,0.783333333333333,0.00846781293984882,-0.0926260002212993,0.0217021738536493
"gF_diff_w15",2,0.05,1500,10,0,0.876666666666667,0,0.736666666666667,-0.271725741466674,-0.331468333340263,-0.184469567588211
"gF_diff_w15",2,0.05,1500,10,1,0.813333333333333,0,0.663333333333333,-0.0934735796372274,-0.253415350011749,0.0125985591536916
"gF_diff_w15",2,0.5,50,1,0,0.433333333333333,0,0.433333333333333,-1,-1,-0.0426863442739441
"gF_diff_w15",2,0.5,50,1,1,0.966666666666667,0,0.966666666666667,-0.0210162493097348,-0.102129302089274,0.00319217100188105
"gF_diff_w15",2,0.5,50,4,0,0.441666666666667,0,0.441666666666667,-0.488946013519073,-0.703447060233018,-0.31852498458455
"gF_diff_w15",2,0.5,50,4,1,0.891666666666667,0,0.833333333333333,-0.0432067704288973,-0.14780105992558,0.0186999166957749
"gF_diff_w15",2,0.5,50,10,0,0.253333333333333,0,0.246666666666667,-0.740585968008233,-0.82648423786845,-0.6150091898358
"gF_diff_w15",2,0.5,50,10,1,0.793333333333333,0,0.683333333333333,-0.0285074284677032,-0.204430081789124,0.0656616191133665
"gF_diff_w15",2,0.5,250,1,0,1,0,1,9.82761524103547e-05,-0.00198049949599776,0.00141825700742524
"gF_diff_w15",2,0.5,250,1,1,1,0,1,-0.000122613944911577,-0.0015791978851712,0.00191659742866166
"gF_diff_w15",2,0.5,250,4,0,0.983333333333333,0,0.9,-0.000834826921026224,-0.144214666307166,-0.00016172757841668
"gF_diff_w15",2,0.5,250,4,1,0.991666666666667,0,0.925,0.00882629546325496,-0.0114415716879765,0.0461596111863655
"gF_diff_w15",2,0.5,250,10,0,0.9,0,0.7,-0.248895930862784,-0.369321941098806,-0.138051082382739
"gF_diff_w15",2,0.5,250,10,1,0.863333333333333,0,0.713333333333333,0.0480306278689542,-0.251397165536609,0.127144458944338
"gF_diff_w15",2,0.5,1500,1,0,1,0,1,-0.000106257737567014,-0.000473632468862044,0.000322899503957154
"gF_diff_w15",2,0.5,1500,1,1,1,0,1,0.000114388998851933,-0.000324238817382914,0.000605123037521712
"gF_diff_w15",2,0.5,1500,4,0,0.983333333333333,0,0.941666666666667,-0.000191941284173803,-0.000529422751908859,7.03842108293727e-05
"gF_diff_w15",2,0.5,1500,4,1,0.925,0,0.8,-0.00717242283642682,-0.0735872397364253,0.0125497205914967
"gF_diff_w15",2,0.5,1500,10,0,0.893333333333333,0,0.743333333333333,-0.201657412653055,-0.391127941992187,-0.102241550300458
"gF_diff_w15",2,0.5,1500,10,1,0.756666666666667,0,0.646666666666667,-0.177907850418412,-0.315572695058736,-0.010306616540618
"gF_diff_w15",2,3,50,1,0,0.6,0,0.6,-0.115603717801637,-1,-0.0411858592904855
"gF_diff_w15",2,3,50,1,1,0.866666666666667,0,0.866666666666667,-0.0016775509912461,-0.0765944900964324,0.00837459668000837
"gF_diff_w15",2,3,50,4,0,0.383333333333333,0,0.375,-0.595440492018995,-0.837616096251888,-0.422554672035509
"gF_diff_w15",2,3,50,4,1,0.841666666666667,0,0.816666666666667,-0.0710314214451537,-0.20497273943976,-0.0147550081750259
"gF_diff_w15",2,3,50,10,0,0.276666666666667,0,0.266666666666667,-0.748890489392284,-0.8355344547682,-0.564805516415288
"gF_diff_w15",2,3,50,10,1,0.643333333333333,0,0.566666666666667,-0.190749062175299,-0.328943003000165,-0.0887576297005569
"gF_diff_w15",2,3,250,1,0,1,0,1,0.000362046344751838,-0.00149077705476379,0.00176181544307143
"gF_diff_w15",2,3,250,1,1,1,0,1,0.000575878254251419,-0.00172151014111544,0.00235201286786873
"gF_diff_w15",2,3,250,4,0,1,0,0.925,-0.00112168505111955,-0.0153768589334468,0.000223538177570052
"gF_diff_w15",2,3,250,4,1,0.966666666666667,0,0.925,0.0216916108190439,-0.00749039170128242,0.0604516107808969
"gF_diff_w15",2,3,250,10,0,0.913333333333333,0,0.796666666666667,-0.177061168477997,-0.259017419576914,-0.0711509839385216
"gF_diff_w15",2,3,250,10,1,0.886666666666667,0,0.726666666666667,-0.0578738765255895,-0.145220912497033,0.121724409709696
"gF_diff_w15",2,3,1500,1,0,1,0,1,6.62628974293438e-05,-0.000234343589874886,0.000307797355175313
"gF_diff_w15",2,3,1500,1,1,1,0.0333333333333333,1.03333333333333,-0.000112786497595174,-0.00053552957037927,0.000409489000411511
"gF_diff_w15",2,3,1500,4,0,1,0,0.958333333333333,-0.0001047323148629,-0.000393816973382237,3.69624046205218e-05
"gF_diff_w15",2,3,1500,4,1,0.8,0,0.691666666666667,-0.0951842028292465,-0.451296831530155,0.00557331847385605
"gF_diff_w15",2,3,1500,10,0,0.893333333333333,0,0.696666666666667,-0.27122366642487,-0.367026134866184,-0.210455772667728
"gF_diff_w15",2,3,1500,10,1,0.843333333333333,0,0.723333333333333,-0.0268162556327669,-0.159214965734683,0.078039014062638
"gF_diff_w15",20,0.05,50,1,0,0,0.0333333333333333,0.0333333333333333,-1,-1,-1
"gF_diff_w15",20,0.05,50,1,1,0,0.0333333333333333,0.0333333333333333,-1,-1,-1
"gF_diff_w15",20,0.05,50,4,0,0,0,0,-1,-1,-1
"gF_diff_w15",20,0.05,50,4,1,0,0.0333333333333333,0.00833333333333333,-1,-1,-1
"gF_diff_w15",20,0.05,50,10,0,0.00333333333333333,0.0333333333333333,0.00666666666666667,-1,-1,-1
"gF_diff_w15",20,0.05,50,10,1,0.01,0,0.01,-1,-1,-1
"gF_diff_w15",20,0.05,250,1,0,0.133333333333333,0,0.133333333333333,-1,-1,-1
"gF_diff_w15",20,0.05,250,1,1,0.666666666666667,0,0.666666666666667,-0.181423026320461,-1,-0.0638267792267251
"gF_diff_w15",20,0.05,250,4,0,0.0583333333333333,0,0.0583333333333333,-1,-1,-1
"gF_diff_w15",20,0.05,250,4,1,0.375,0.0333333333333333,0.375,-0.565448157081486,-0.820029920209877,-0.272035785000077
"gF_diff_w15",20,0.05,250,10,0,0.0666666666666667,0.0333333333333333,0.07,-1,-1,-0.891478167668093
"gF_diff_w15",20,0.05,250,10,1,0.31,0,0.3,-0.666319351743212,-0.83389905064576,-0.498140600954988
"gF_diff_w15",20,0.05,1500,1,0,1,0.0333333333333333,1.03333333333333,-0.00183985658262935,-0.00715382458983437,0.00233701978156936
"gF_diff_w15",20,0.05,1500,1,1,1,0.1,1.1,0.00105297806900143,-0.00225713847702952,0.00469515305575851
"gF_diff_w15",20,0.05,1500,4,0,0.966666666666667,0.0333333333333333,0.933333333333333,-0.00569762645828396,-0.02719506202766,-0.000531443012240811
"gF_diff_w15",20,0.05,1500,4,1,0.95,0,0.925,0.010063782205976,-0.0304051397106016,0.039586302576062
"gF_diff_w15",20,0.05,1500,10,0,0.82,0,0.676666666666667,-0.306806344902601,-0.398483850130578,-0.154278720404301
"gF_diff_w15",20,0.05,1500,10,1,0.86,0,0.716666666666667,-0.0501975243070958,-0.137516286220089,0.0669209370709192
"gF_diff_w15",20,0.5,50,1,0,0,0.0333333333333333,0.0333333333333333,-1,-1,-1
"gF_diff_w15",20,0.5,50,1,1,0,0,0,-1,-1,-1
"gF_diff_w15",20,0.5,50,4,0,0.00833333333333333,0.0333333333333333,0.0166666666666667,-1,-1,-1
"gF_diff_w15",20,0.5,50,4,1,0.00833333333333333,0,0.00833333333333333,-1,-1,-1
"gF_diff_w15",20,0.5,50,10,0,0,0.0333333333333333,0.00333333333333333,-1,-1,-1
"gF_diff_w15",20,0.5,50,10,1,0.00333333333333333,0,0.00333333333333333,-1,-1,-1
"gF_diff_w15",20,0.5,250,1,0,0.166666666666667,0.1,0.266666666666667,-1,-1,-0.90656682675799
"gF_diff_w15",20,0.5,250,1,1,0.6,0.0666666666666667,0.666666666666667,-0.212992516579728,-1,-0.109275991501883
"gF_diff_w15",20,0.5,250,4,0,0.0833333333333333,0.0333333333333333,0.0916666666666667,-1,-1,-0.956867650973455
"gF_diff_w15",20,0.5,250,4,1,0.416666666666667,0.0333333333333333,0.4,-0.564009507900038,-0.714747951362346,-0.370997287648451
"gF_diff_w15",20,0.5,250,10,0,0.08,0.0333333333333333,0.0833333333333333,-0.910681862008998,-1,-0.81437729730636
"gF_diff_w15",20,0.5,250,10,1,0.28,0,0.273333333333333,-0.633795704881484,-0.762976214134553,-0.487650602604515
"gF_diff_w15",20,0.5,1500,1,0,1,0.133333333333333,1.13333333333333,-0.00302067447994833,-0.00489292058862943,0.00182668654944109
"gF_diff_w15",20,0.5,1500,1,1,1,0.0333333333333333,1.03333333333333,-0.000832771016725046,-0.00458117552285089,0.000457544684927508
"gF_diff_w15",20,0.5,1500,4,0,0.975,0.0333333333333333,0.95,-0.00648694677730788,-0.0268483680842265,-0.00138193952441383
"gF_diff_w15",20,0.5,1500,4,1,0.983333333333333,0,0.933333333333333,0.00967377304237916,-0.00645105320495224,0.0236699977938064
"gF_diff_w15",20,0.5,1500,10,0,0.843333333333333,0,0.703333333333333,-0.264761731092371,-0.334985633777378,-0.190832555889276
"gF_diff_w15",20,0.5,1500,10,1,0.876666666666667,0,0.733333333333333,0.0213884050793989,-0.0902446458137546,0.109339603126351
"gF_diff_w15",20,3,50,1,0,0,0.0333333333333333,0.0333333333333333,-1,-1,-1
"gF_diff_w15",20,3,50,1,1,0,0,0,-1,-1,-1
"gF_diff_w15",20,3,50,4,0,0,0.0333333333333333,0.00833333333333333,-1,-1,-1
"gF_diff_w15",20,3,50,4,1,0,0.0333333333333333,0.00833333333333333,-1,-1,-1
"gF_diff_w15",20,3,50,10,0,0.00333333333333333,0,0.00333333333333333,-1,-1,-1
"gF_diff_w15",20,3,50,10,1,0.0166666666666667,0,0.0166666666666667,-1,-1,-1
"gF_diff_w15",20,3,250,1,0,0.2,0.1,0.3,-1,-1,-0.969840028896286
"gF_diff_w15",20,3,250,1,1,0.566666666666667,0.0666666666666667,0.633333333333333,-0.329836005808383,-1,-0.0204772461472965
"gF_diff_w15",20,3,250,4,0,0.0666666666666667,0,0.0666666666666667,-1,-1,-1
"gF_diff_w15",20,3,250,4,1,0.433333333333333,0.0333333333333333,0.441666666666667,-0.502178954269674,-0.63049802069127,-0.25883299198292
"gF_diff_w15",20,3,250,10,0,0.06,0.0333333333333333,0.06,-0.981740257571651,-1,-0.85221575213928
"gF_diff_w15",20,3,250,10,1,0.25,0,0.233333333333333,-0.685236347610395,-0.763998581384198,-0.516755255084836
"gF_diff_w15",20,3,1500,1,0,1,0,1,-0.00236163385106288,-0.0050970998183732,-0.000273984186674397
"gF_diff_w15",20,3,1500,1,1,1,0.133333333333333,1.13333333333333,-0.0018256946941263,-0.00475837062496276,0.00153022311342331
"gF_diff_w15",20,3,1500,4,0,0.95,0.0333333333333333,0.916666666666667,-0.00392806682078477,-0.118498388248069,-0.00103524962917019
"gF_diff_w15",20,3,1500,4,1,0.966666666666667,0,0.925,0.0141006760883591,-0.0262666678131288,0.0348230607313379
"gF_diff_w15",20,3,1500,10,0,0.82,0,0.7,-0.332494689996249,-0.413279328798112,-0.204408300963562
"gF_diff_w15",20,3,1500,10,1,0.846666666666667,0,0.703333333333333,0.00739698766527379,-0.295738326147262,0.0827378718349134
"gF_diff_w15",200,0.05,50,1,0,0,0.1,0.1,-1,-1,-1
"gF_diff_w15",200,0.05,50,1,1,0.0333333333333333,0.0666666666666667,0.1,-1,-1,-1
"gF_diff_w15",200,0.05,50,4,0,0.00833333333333333,0.1,0.0333333333333333,-1,-1,-1
"gF_diff_w15",200,0.05,50,4,1,0,0.0666666666666667,0.0166666666666667,-1,-1,-1
"gF_diff_w15",200,0.05,50,10,0,0.00666666666666667,0.0333333333333333,0.01,-1,-1,-1
"gF_diff_w15",200,0.05,50,10,1,0.01,0.0333333333333333,0.0133333333333333,-1,-1,-1
"gF_diff_w15",200,0.05,250,1,0,0,0.0333333333333333,0.0333333333333333,-1,-1,-1
"gF_diff_w15",200,0.05,250,1,1,0,0.0666666666666667,0.0666666666666667,-1,-1,-1
"gF_diff_w15",200,0.05,250,4,0,0.00833333333333333,0,0.00833333333333333,-1,-1,-1
"gF_diff_w15",200,0.05,250,4,1,0,0.0333333333333333,0.00833333333333333,-1,-1,-1
"gF_diff_w15",200,0.05,250,10,0,0,0,0,-1,-1,-1
"gF_diff_w15",200,0.05,250,10,1,0.00333333333333333,0.0333333333333333,0.00666666666666667,-1,-1,-1
"gF_diff_w15",200,0.05,1500,1,0,0.0333333333333333,0.0333333333333333,0.0666666666666667,-1,-1,-1
"gF_diff_w15",200,0.05,1500,1,1,0.4,0.0666666666666667,0.466666666666667,-1,-1,-0.102656356896937
"gF_diff_w15",200,0.05,1500,4,0,0.0166666666666667,0,0.0166666666666667,-1,-1,-1
"gF_diff_w15",200,0.05,1500,4,1,0.191666666666667,0.0333333333333333,0.2,-0.950652322051388,-1,-0.51515592797944
"gF_diff_w15",200,0.05,1500,10,0,0.00666666666666667,0,0.00666666666666667,-1,-1,-1
"gF_diff_w15",200,0.05,1500,10,1,0.126666666666667,0,0.126666666666667,-0.795666121835853,-0.96847702329026,-0.70776346492048
"gF_diff_w15",200,0.5,50,1,0,0,0.133333333333333,0.133333333333333,-1,-1,-1
"gF_diff_w15",200,0.5,50,1,1,0,0.1,0.1,-1,-1,-1
"gF_diff_w15",200,0.5,50,4,0,0.00833333333333333,0,0.00833333333333333,-1,-1,-1
"gF_diff_w15",200,0.5,50,4,1,0.0166666666666667,0.0666666666666667,0.0333333333333333,-1,-1,-1
"gF_diff_w15",200,0.5,50,10,0,0.00666666666666667,0,0.00666666666666667,-1,-1,-1
"gF_diff_w15",200,0.5,50,10,1,0.01,0.0333333333333333,0.01,-1,-1,-1
"gF_diff_w15",200,0.5,250,1,0,0,0.1,0.1,-1,-1,-1
"gF_diff_w15",200,0.5,250,1,1,0,0.166666666666667,0.166666666666667,-1,-1,-1
"gF_diff_w15",200,0.5,250,4,0,0.00833333333333333,0,0.00833333333333333,-1,-1,-1
"gF_diff_w15",200,0.5,250,4,1,0,0.0333333333333333,0.00833333333333333,-1,-1,-1
"gF_diff_w15",200,0.5,250,10,0,0,0,0,-1,-1,-1
"gF_diff_w15",200,0.5,250,10,1,0,0,0,-1,-1,-1
"gF_diff_w15",200,0.5,1500,1,0,0,0,0,-1,-1,-1
"gF_diff_w15",200,0.5,1500,1,1,0.333333333333333,0.0333333333333333,0.366666666666667,-1,-1,-0.217050725425274
"gF_diff_w15",200,0.5,1500,4,0,0.0166666666666667,0,0.0166666666666667,-1,-1,-1
"gF_diff_w15",200,0.5,1500,4,1,0.141666666666667,0.0333333333333333,0.15,-0.992238449397046,-1,-0.572525190837745
"gF_diff_w15",200,0.5,1500,10,0,0.0166666666666667,0,0.0166666666666667,-1,-1,-1
"gF_diff_w15",200,0.5,1500,10,1,0.0966666666666667,0.0333333333333333,0.0933333333333333,-0.901567774534769,-1,-0.795391225330477
"gF_diff_w15",200,3,50,1,0,0,0.166666666666667,0.166666666666667,-1,-1,-1
"gF_diff_w15",200,3,50,1,1,0.0666666666666667,0.1,0.166666666666667,-1,-1,-1
"gF_diff_w15",200,3,50,4,0,0.00833333333333333,0.1,0.0333333333333333,-1,-1,-1
"gF_diff_w15",200,3,50,4,1,0,0.0666666666666667,0.0166666666666667,-1,-1,-1
"gF_diff_w15",200,3,50,10,0,0.00666666666666667,0,0.00666666666666667,-1,-1,-1
"gF_diff_w15",200,3,50,10,1,0,0.0666666666666667,0.00666666666666667,-1,-1,-1
"gF_diff_w15",200,3,250,1,0,0,0.133333333333333,0.133333333333333,-1,-1,-1
"gF_diff_w15",200,3,250,1,1,0,0.2,0.2,-1,-1,-1
"gF_diff_w15",200,3,250,4,0,0,0.0333333333333333,0.00833333333333333,-1,-1,-1
"gF_diff_w15",200,3,250,4,1,0.0166666666666667,0.1,0.0416666666666667,-1,-1,-1
"gF_diff_w15",200,3,250,10,0,0.00333333333333333,0,0.00333333333333333,-1,-1,-1
"gF_diff_w15",200,3,250,10,1,0.00333333333333333,0.0333333333333333,0.00666666666666667,-1,-1,-1
"gF_diff_w15",200,3,1500,1,0,0.0666666666666667,0.0666666666666667,0.133333333333333,-1,-1,-1
"gF_diff_w15",200,3,1500,1,1,0.333333333333333,0.2,0.533333333333333,-1,-1,-0.226544915403592
"gF_diff_w15",200,3,1500,4,0,0.05,0.0333333333333333,0.0583333333333333,-1,-1,-1
"gF_diff_w15",200,3,1500,4,1,0.233333333333333,0,0.233333333333333,-0.704676361846212,-1,-0.537864860497143
"gF_diff_w15",200,3,1500,10,0,0.0166666666666667,0,0.0166666666666667,-1,-1,-1
"gF_diff_w15",200,3,1500,10,1,0.12,0,0.12,-0.858927333998667,-0.982528143467719,-0.754809473718677
"gF_variance",2,0.05,50,1,0,1,0,1,-0.055775242173888,-0.0921352281309088,-0.00826315143513194
"gF_variance",2,0.05,50,1,1,0.966666666666667,0,0.966666666666667,-0.0244970311073303,-0.116332017645527,0.00089827106074331
"gF_variance",2,0.05,50,4,0,0.916666666666667,0,0.816666666666667,-0.221265884501607,-0.320524464068353,-0.171938590967206
"gF_variance",2,0.05,50,4,1,0.841666666666667,0,0.7,-0.104681530268706,-0.457686947659155,-0.0383018804658269
"gF_variance",2,0.05,50,10,0,0.726666666666667,0,0.566666666666667,-0.427803622960281,-0.558208233039292,-0.398616583189436
"gF_variance",2,0.05,50,10,1,0.506666666666667,0,0.456666666666667,-0.333111867278689,-0.438726500969365,-0.190107153156524
"gF_variance",2,0.05,250,1,0,1,0,1,7.24025900184244e-06,-0.00253715065825219,0.000760806248622314
"gF_variance",2,0.05,250,1,1,1,0,1,0.000822125194383863,-0.00293067778434449,0.00312527656377169
"gF_variance",2,0.05,250,4,0,0.966666666666667,0,0.858333333333333,-0.00559172623272764,-0.267588602403514,-0.000786168764217134
"gF_variance",2,0.05,250,4,1,0.833333333333333,0,0.725,-0.138269707144072,-0.387119621591706,0.00734674343200754
"gF_variance",2,0.05,250,10,0,0.69,0,0.576666666666667,-0.421415853057979,-0.584012307235996,-0.260715325852728
"gF_variance",2,0.05,250,10,1,0.463333333333333,0,0.426666666666667,-0.415017809002562,-0.59428453184342,-0.235849618312349
"gF_variance",2,0.05,1500,1,0,1,0,1,-1.55869321451696e-05,-0.000183511937946797,0.000158683374459334
"gF_variance",2,0.05,1500,1,1,1,0,1,-0.000154231192944023,-0.000319997042810522,0.000220767506636282
"gF_variance",2,0.05,1500,4,0,0.933333333333333,0,0.825,-0.13753588866918,-0.284492015291002,-3.17274129964838e-05
"gF_variance",2,0.05,1500,4,1,0.875,0,0.75,0.00837597124278856,-0.120503998933993,0.0212278807669422
"gF_variance",2,0.05,1500,10,0,0.71,0,0.573333333333333,-0.418983812686878,-0.469407717962634,-0.347150133865382
"gF_variance",2,0.05,1500,10,1,0.48,0,0.42,-0.409012043687824,-0.515876435955761,-0.269700216108751
"gF_variance",2,0.5,50,1,0,1,0,1,-0.0567031664871722,-0.086831869858331,-0.034111111715976
"gF_variance",2,0.5,50,1,1,1,0,1,-0.0226770627208764,-0.0901568014423918,0.00319217100188105
"gF_variance",2,0.5,50,4,0,0.925,0,0.841666666666667,-0.211369624699471,-0.321795706692555,-0.101536830648417
"gF_variance",2,0.5,50,4,1,0.866666666666667,0,0.7,-0.0957522225176574,-0.388858746362917,0.00108886244579748
"gF_variance",2,0.5,50,10,0,0.696666666666667,0,0.56,-0.470410827611618,-0.511396773780315,-0.370455973217799
"gF_variance",2,0.5,50,10,1,0.59,0,0.523333333333333,-0.272469886582575,-0.440622497942594,-0.100579205313953
"gF_variance",2,0.5,250,1,0,1,0,1,4.39715148420571e-05,-0.00158108014843686,0.00141825700742524
"gF_variance",2,0.5,250,1,1,1,0,1,-0.000122613944911577,-0.0015791978851712,0.00191659742866166
"gF_variance",2,0.5,250,4,0,0.933333333333333,0,0.783333333333333,-0.157327728193459,-0.331517453862762,-0.000938472886802157
"gF_variance",2,0.5,250,4,1,0.95,0,0.783333333333333,0.00158298804961534,-0.342331540113824,0.0123974908885741
"gF_variance",2,0.5,250,10,0,0.73,0,0.546666666666667,-0.409449640842472,-0.521242424305522,-0.340796831696451
"gF_variance",2,0.5,250,10,1,0.483333333333333,0,0.416666666666667,-0.431970957764531,-0.599933770586569,-0.277267618514144
"gF_variance",2,0.5,1500,1,0,1,0,1,-0.000106257737567014,-0.000473632468862044,0.000322899503957154
"gF_variance",2,0.5,1500,1,1,1,0,1,0.000114388998851933,-0.000324238817382914,0.000605123037521712
"gF_variance",2,0.5,1500,4,0,0.933333333333333,0,0.833333333333333,-0.00059045942598738,-0.313833093851005,-6.67812735983063e-05
"gF_variance",2,0.5,1500,4,1,0.925,0,0.783333333333333,-0.0232588668113718,-0.184880368135449,0.0104063786727623
"gF_variance",2,0.5,1500,10,0,0.73,0,0.606666666666667,-0.359543488383285,-0.433827322449091,-0.28428706532401
"gF_variance",2,0.5,1500,10,1,0.486666666666667,0,0.436666666666667,-0.417332498947133,-0.62646102511026,-0.295060356085546
"gF_variance",2,3,50,1,0,0.566666666666667,0,0.566666666666667,-0.159476287110479,-1,-0.0428057932461156
"gF_variance",2,3,50,1,1,0.8,0,0.8,-0.00192025518891018,-0.0765944900964324,0.00837459668000837
"gF_variance",2,3,50,4,0,0.791666666666667,0,0.741666666666667,-0.14027801741358,-0.435062605683693,-0.0854146250609428
"gF_variance",2,3,50,4,1,0.916666666666667,0,0.883333333333333,-0.0185894021536452,-0.10924568541363,0.0104071395273972
"gF_variance",2,3,50,10,0,0.656666666666667,0,0.533333333333333,-0.529708354955861,-0.618664965780464,-0.380107687607965
"gF_variance",2,3,50,10,1,0.44,0,0.423333333333333,-0.416791576331074,-0.577011377276303,-0.203756692826837
"gF_variance",2,3,250,1,0,1,0,1,0.000362046344751838,-0.00149077705476379,0.00176181544307143
"gF_variance",2,3,250,1,1,1,0,1,0.000575878254251419,-0.00172151014111544,0.00235201286786873
"gF_variance",2,3,250,4,0,0.95,0,0.816666666666667,-0.102345479153011,-0.363718825396298,-0.000391928979354368
"gF_variance",2,3,250,4,1,0.941666666666667,0,0.833333333333333,0.0084821523936501,-0.312982342957595,0.0250508292883691
"gF_variance",2,3,250,10,0,0.69,0,0.576666666666667,-0.413288913940968,-0.524371127131488,-0.3199274688293
"gF_variance",2,3,250,10,1,0.653333333333333,0,0.563333333333333,-0.284549117436868,-0.444671506369892,-0.105554953103996
"gF_variance",2,3,1500,1,0,1,0,1,6.62628974293438e-05,-0.000234343589874886,0.000307797355175313
"gF_variance",2,3,1500,1,1,1,0,1,-0.000112786497595174,-0.00053552957037927,0.000336371064264569
"gF_variance",2,3,1500,4,0,0.941666666666667,0,0.85,-0.000518172082772401,-0.215004642811286,-1.71859388591028e-05
"gF_variance",2,3,1500,4,1,0.791666666666667,0,0.666666666666667,-0.0951657298746304,-0.497691908956492,0.00735678645672983
"gF_variance",2,3,1500,10,0,0.743333333333333,0,0.563333333333333,-0.407699745960895,-0.520014144848044,-0.287896979940373
"gF_variance",2,3,1500,10,1,0.503333333333333,0,0.443333333333333,-0.389894103105793,-0.524590406245586,-0.301863787676495
"gF_variance",20,0.05,50,1,0,0.266666666666667,0,0.266666666666667,-1,-1,-0.703527311305443
"gF_variance",20,0.05,50,1,1,0.766666666666667,0,0.766666666666667,-0.155831162601916,-0.661383588816296,-0.0110429230883366
"gF_variance",20,0.05,50,4,0,0.275,0.0666666666666667,0.275,-0.721648915593348,-1,-0.535038735107014
"gF_variance",20,0.05,50,4,1,0.616666666666667,0,0.6,-0.296176548451618,-0.579801783779643,-0.10453814121772
"gF_variance",20,0.05,50,10,0,0.196666666666667,0,0.186666666666667,-0.824817533435432,-0.889606389264908,-0.686998541665639
"gF_variance",20,0.05,50,10,1,0.283333333333333,0,0.253333333333333,-0.648161350493902,-0.791337654420394,-0.534021583962565
"gF_variance",20,0.05,250,1,0,1,0,1,-0.0993597803457803,-0.187058397887732,-0.0414039290312956
"gF_variance",20,0.05,250,1,1,0.966666666666667,0,0.966666666666667,-0.150972178964508,-0.183216174670054,-0.0271006435822766
"gF_variance",20,0.05,250,4,0,0.933333333333333,0,0.858333333333333,-0.221064063288026,-0.35296427800605,-0.124647184270087
"gF_variance",20,0.05,250,4,1,0.8,0,0.675,-0.361306600364914,-0.533264407754232,-0.123492210004813
"gF_variance",20,0.05,250,10,0,0.66,0,0.513333333333333,-0.522686376339614,-0.621013245694711,-0.452868494179524
"gF_variance",20,0.05,250,10,1,0.456666666666667,0,0.416666666666667,-0.474915564104023,-0.598588733619873,-0.282442232233643
"gF_variance",20,0.05,1500,1,0,1,0,1,-0.00214753109884563,-0.00549146150939518,0.00176628501015208
"gF_variance",20,0.05,1500,1,1,1,0,1,0.00064176490520093,-0.00227555843986104,0.00427544083403546
"gF_variance",20,0.05,1500,4,0,0.95,0,0.841666666666667,-0.0225501900322329,-0.239252985153746,-0.00187369249937032
"gF_variance",20,0.05,1500,4,1,0.883333333333333,0,0.733333333333333,0.00627029799458217,-0.427680158923222,0.0327089210324211
"gF_variance",20,0.05,1500,10,0,0.74,0,0.593333333333333,-0.340364902014739,-0.460653566482599,-0.2550861676131
"gF_variance",20,0.05,1500,10,1,0.48,0,0.436666666666667,-0.36518870208015,-0.494267252589625,-0.257405008215749
"gF_variance",20,0.5,50,1,0,0.4,0,0.4,-1,-1,-0.314132338437113
"gF_variance",20,0.5,50,1,1,0.7,0.0333333333333333,0.733333333333333,-0.179866903125693,-1,0.0618693659225283
"gF_variance",20,0.5,50,4,0,0.425,0,0.408333333333333,-0.436276272149331,-0.957724068729718,-0.342542748407579
"gF_variance",20,0.5,50,4,1,0.733333333333333,0,0.708333333333333,-0.203816888811069,-0.391263673956801,-0.0677994034316315
"gF_variance",20,0.5,50,10,0,0.22,0,0.21,-0.771251086353497,-0.848210217725868,-0.692534391494479
"gF_variance",20,0.5,50,10,1,0.35,0,0.326666666666667,-0.546425241983828,-0.647921174685901,-0.405608799999683
"gF_variance",20,0.5,250,1,0,0.966666666666667,0,0.966666666666667,-0.0684247952532846,-0.311916317335818,-0.0477275728627584
"gF_variance",20,0.5,250,1,1,0.966666666666667,0,0.966666666666667,-0.123035166405158,-0.226876016979525,-0.0865757045448904
"gF_variance",20,0.5,250,4,0,0.891666666666667,0,0.8,-0.252691052917102,-0.501480949373083,-0.115802661679286
"gF_variance",20,0.5,250,4,1,0.816666666666667,0,0.7,-0.198732858267312,-0.555795950655121,-0.0791803120587636
"gF_variance",20,0.5,250,10,0,0.673333333333333,0,0.553333333333333,-0.507980391989487,-0.632068256218486,-0.400839300408504
"gF_variance",20,0.5,250,10,1,0.503333333333333,0,0.456666666666667,-0.309942513212655,-0.497339226174808,-0.229054644168654
"gF_variance",20,0.5,1500,1,0,1,0,1,-0.00375207039041759,-0.00555867187356662,0.00126563808654256
"gF_variance",20,0.5,1500,1,1,1,0,1,-0.000832771016725046,-0.0028029385319919,0.000457544684927508
"gF_variance",20,0.5,1500,4,0,1,0,0.9,-0.0111253964912004,-0.105915242994915,-0.00258584753224661
"gF_variance",20,0.5,1500,4,1,0.941666666666667,0,0.8,-0.00175390778084557,-0.259402350661471,0.0172013749068527
"gF_variance",20,0.5,1500,10,0,0.74,0,0.593333333333333,-0.378393855455644,-0.44132713265074,-0.333242866344766
"gF_variance",20,0.5,1500,10,1,0.45,0,0.403333333333333,-0.392314524299413,-0.558296391261299,-0.345346060424957
"gF_variance",20,3,50,1,0,0.2,0,0.2,-1,-1,-1
"gF_variance",20,3,50,1,1,0.566666666666667,0.0333333333333333,0.6,-0.30098877698367,-1,-0.0880283170149102
"gF_variance",20,3,50,4,0,0.366666666666667,0,0.358333333333333,-0.622756868733502,-1,-0.325372354829177
"gF_variance",20,3,50,4,1,0.75,0,0.725,-0.227074949936175,-0.428397985417109,-0.108910183157381
"gF_variance",20,3,50,10,0,0.16,0,0.146666666666667,-0.838886649432398,-0.994171445550975,-0.672067055475926
"gF_variance",20,3,50,10,1,0.293333333333333,0,0.293333333333333,-0.600635379495539,-0.67749749248807,-0.47205140179278
"gF_variance",20,3,250,1,0,0.966666666666667,0,0.966666666666667,-0.0622446694834255,-0.0939770498566062,-0.0392986412599395
"gF_variance",20,3,250,1,1,0.966666666666667,0,0.966666666666667,-0.0912419744911155,-0.180962946908062,-0.0137856672970573
"gF_variance",20,3,250,4,0,0.908333333333333,0,0.791666666666667,-0.269002952914271,-0.446805497748624,-0.194894590976656
"gF_variance",20,3,250,4,1,0.85,0,0.75,-0.198266767056737,-0.30249021095328,-0.0618418189359546
"gF_variance",20,3,250,10,0,0.633333333333333,0,0.516666666666667,-0.485766373723655,-0.627073341093955,-0.390033470948199
"gF_variance",20,3,250,10,1,0.613333333333333,0,0.526666666666667,-0.253346805002518,-0.496670764527033,-0.131062148520556
"gF_variance",20,3,1500,1,0,1,0,1,-0.00236163385106288,-0.0050970998183732,-0.000273984186674397
"gF_variance",20,3,1500,1,1,1,0,1,-0.00212353731355767,-0.00495677206898546,0.00137478106078145
"gF_variance",20,3,1500,4,0,0.966666666666667,0,0.858333333333333,-0.0405283348257023,-0.179170116174185,-0.000712437847726107
"gF_variance",20,3,1500,4,1,0.908333333333333,0,0.733333333333333,-0.0861652916827301,-0.456383236064294,0.0135843397220382
"gF_variance",20,3,1500,10,0,0.73,0,0.606666666666667,-0.350406294183825,-0.452183334502231,-0.308848374274446
"gF_variance",20,3,1500,10,1,0.51,0,0.45,-0.424068773282146,-0.497256649334095,-0.223651655749858
"gF_variance",200,0.05,50,1,0,0,0,0,-1,-1,-1
"gF_variance",200,0.05,50,1,1,0,0,0,-1,-1,-1
"gF_variance",200,0.05,50,4,0,0,0,0,-1,-1,-1
"gF_variance",200,0.05,50,4,1,0,0,0,-1,-1,-1
"gF_variance",200,0.05,50,10,0,0,0,0,-1,-1,-1
"gF_variance",200,0.05,50,10,1,0,0,0,-1,-1,-1
"gF_variance",200,0.05,250,1,0,0,0,0,-1,-1,-1
"gF_variance",200,0.05,250,1,1,0.166666666666667,0,0.166666666666667,-1,-1,-1
"gF_variance",200,0.05,250,4,0,0.0416666666666667,0,0.0416666666666667,-1,-1,-1
"gF_variance",200,0.05,250,4,1,0.2,0,0.2,-1,-1,-0.613716089868406
"gF_variance",200,0.05,250,10,0,0.0266666666666667,0,0.0266666666666667,-1,-1,-1
"gF_variance",200,0.05,250,10,1,0.11,0,0.11,-0.894389116050251,-1,-0.694075064043109
"gF_variance",200,0.05,1500,1,0,1,0.0333333333333333,1.03333333333333,-0.0640053846421577,-0.127981179804242,-0.0314840397193683
"gF_variance",200,0.05,1500,1,1,1,0,1,-0.106577068910376,-0.212913464605046,-0.0496974975705194
"gF_variance",200,0.05,1500,4,0,0.858333333333333,0,0.833333333333333,-0.209316197959893,-0.465576510163445,-0.138281868269669
"gF_variance",200,0.05,1500,4,1,0.858333333333333,0,0.816666666666667,-0.234165310686911,-0.327364341157895,-0.0703114526294277
"gF_variance",200,0.05,1500,10,0,0.6,0,0.486666666666667,-0.569708418014954,-0.659910854924132,-0.492105363384203
"gF_variance",200,0.05,1500,10,1,0.38,0,0.356666666666667,-0.473128987424474,-0.617131318168165,-0.37778866374587
"gF_variance",200,0.5,50,1,0,0,0,0,-1,-1,-1
"gF_variance",200,0.5,50,1,1,0,0,0,-1,-1,-1
"gF_variance",200,0.5,50,4,0,0,0,0,-1,-1,-1
"gF_variance",200,0.5,50,4,1,0,0,0,-1,-1,-1
"gF_variance",200,0.5,50,10,0,0,0,0,-1,-1,-1
"gF_variance",200,0.5,50,10,1,0,0,0,-1,-1,-1
"gF_variance",200,0.5,250,1,0,0.0333333333333333,0,0.0333333333333333,-1,-1,-1
"gF_variance",200,0.5,250,1,1,0.133333333333333,0,0.133333333333333,-1,-1,-1
"gF_variance",200,0.5,250,4,0,0.025,0,0.025,-1,-1,-1
"gF_variance",200,0.5,250,4,1,0.208333333333333,0,0.208333333333333,-0.672545970918138,-1,-0.422421334296612
"gF_variance",200,0.5,250,10,0,0.0366666666666667,0,0.0366666666666667,-1,-1,-0.949928825541818
"gF_variance",200,0.5,250,10,1,0.16,0,0.156666666666667,-0.77666226166275,-0.866756721516391,-0.67782346309887
"gF_variance",200,0.5,1500,1,0,0.966666666666667,0,0.966666666666667,-0.0730394643538768,-0.133040546192919,-0.0283845928513551
"gF_variance",200,0.5,1500,1,1,1,0,1,-0.180216920623465,-0.24035682023831,-0.0587943745050062
"gF_variance",200,0.5,1500,4,0,0.891666666666667,0,0.8,-0.228093807356482,-0.351164350649198,-0.158208229462919
"gF_variance",200,0.5,1500,4,1,0.883333333333333,0,0.8,-0.239148241237155,-0.360097456468411,-0.134077877774565
"gF_variance",200,0.5,1500,10,0,0.583333333333333,0,0.513333333333333,-0.604344168925425,-0.678342624288248,-0.47037059957152
"gF_variance",200,0.5,1500,10,1,0.45,0,0.42,-0.525568467818914,-0.689376565592722,-0.388644506486345
"gF_variance",200,3,50,1,0,0,0,0,-1,-1,-1
"gF_variance",200,3,50,1,1,0,0,0,-1,-1,-1
"gF_variance",200,3,50,4,0,0,0,0,-1,-1,-1
"gF_variance",200,3,50,4,1,0,0,0,-1,-1,-1
"gF_variance",200,3,50,10,0,0,0,0,-1,-1,-1
"gF_variance",200,3,50,10,1,0,0,0,-1,-1,-1
"gF_variance",200,3,250,1,0,0.0666666666666667,0,0.0666666666666667,-1,-1,-1
"gF_variance",200,3,250,1,1,0.233333333333333,0,0.233333333333333,-1,-1,-1
"gF_variance",200,3,250,4,0,0.0583333333333333,0,0.0583333333333333,-1,-1,-1
"gF_variance",200,3,250,4,1,0.258333333333333,0,0.25,-0.75457769100433,-1,-0.49237888137211
"gF_variance",200,3,250,10,0,0.04,0,0.04,-1,-1,-0.891730921659012
"gF_variance",200,3,250,10,1,0.136666666666667,0,0.133333333333333,-0.828895582081239,-1,-0.631227873383816
"gF_variance",200,3,1500,1,0,0.9,0.0333333333333333,0.933333333333333,-0.0840758924173938,-0.657924407312635,-0.0510296736890034
"gF_variance",200,3,1500,1,1,0.966666666666667,0,0.966666666666667,-0.197804667058345,-0.315863191302337,-0.107028114310878
"gF_variance",200,3,1500,4,0,0.883333333333333,0,0.825,-0.355958187252149,-0.437617010968253,-0.167053765494915
"gF_variance",200,3,1500,4,1,0.85,0,0.725,-0.227134160880191,-0.34235716829716,-0.115498053795289
"gF_variance",200,3,1500,10,0,0.65,0,0.536666666666667,-0.497888104907885,-0.584245691640566,-0.415177552293777
"gF_variance",200,3,1500,10,1,0.456666666666667,0,0.43,-0.494754095183533,-0.592108216778949,-0.29710110921924
"gF_step",2,0.05,50,1,0,0.333333333333333,0.0333333333333333,0.366666666666667,-1,-1,-0.0717595173304946
"gF_step",2,0.05,50,1,1,0.633333333333333,0,0.633333333333333,0.318383333855306,-1,0.394998611748383
"gF_step",2,0.05,50,4,0,0.25,0,0.233333333333333,-0.735792855607149,-1,-0.463253948735952
"gF_step",2,0.05,50,4,1,0.883333333333333,0.0333333333333333,0.783333333333333,0.187767245649678,0.0268482383584838,0.386394168433097
"gF_step",2,0.05,50,10,0,0.14,0.0333333333333333,0.123333333333333,-0.830080262158795,-0.875359662311451,-0.742002582327594
"gF_step",2,0.05,50,10,1,0.316666666666667,0.0666666666666667,0.263333333333333,-0.489450645120641,-0.708629111990655,-0.253725926899894
"gF_step",2,0.05,250,1,0,1,0,1,-0.059657733506151,-0.0760509389766122,-0.0495746670490936
"gF_step",2,0.05,250,1,1,1,0,1,0.374841073245681,0.327263468281341,0.398984599628362
"gF_step",2,0.05,250,4,0,1,0,0.875,-0.101951890870925,-0.196334488431692,-0.0779242597013492
"gF_step",2,0.05,250,4,1,1,0,0.841666666666667,0.338779067005724,0.0893852598559377,0.426985784444489
"gF_step",2,0.05,250,10,0,0.303333333333333,0.0333333333333333,0.233333333333333,-0.701088759660454,-0.819063738740904,-0.580437005167351
"gF_step",2,0.05,250,10,1,0.32,0.0333333333333333,0.256666666666667,-0.593199950868932,-0.726839373162258,-0.352796084875649
"gF_step",2,0.05,1500,1,0,1,0,1,-0.0579595445801951,-0.0741921769603886,-0.0493756406056283
"gF_step",2,0.05,1500,1,1,1,0,1,0.386212618918685,0.327115688645688,0.400359432785134
"gF_step",2,0.05,1500,4,0,1,0,0.858333333333333,-0.153930283640995,-0.247178525080744,-0.0795967968137715
"gF_step",2,0.05,1500,4,1,1,0,0.808333333333333,0.253091934378238,0.140653975084885,0.419888248237265
"gF_step",2,0.05,1500,10,0,0.323333333333333,0,0.263333333333333,-0.706020061345289,-0.775863980053245,-0.593688180589362
"gF_step",2,0.05,1500,10,1,0.366666666666667,0.0333333333333333,0.29,-0.460380783542369,-0.742359579846169,-0.217072070360654
"gF_step",2,0.5,50,1,0,0.3,0,0.3,-1,-1,-0.0953140225234747
"gF_step",2,0.5,50,1,1,0.9,0,0.9,0.369723219798953,0.322727066369935,0.40810050723187
"gF_step",2,0.5,50,4,0,0.366666666666667,0,0.35,-0.499096928999255,-0.949699050432208,-0.367796684569299
"gF_step",2,0.5,50,4,1,0.908333333333333,0,0.7,0.102899647879816,0.0075582291616817,0.171501492261566
"gF_step",2,0.5,50,10,0,0.136666666666667,0,0.123333333333333,-0.840814731530792,-0.983906202156732,-0.709249085925176
"gF_step",2,0.5,50,10,1,0.223333333333333,0.0666666666666667,0.186666666666667,-0.643897299657544,-0.826916246502312,-0.506256159231272
"gF_step",2,0.5,250,1,0,1,0,1,-0.0666525012241883,-0.0801330198962568,-0.0506164504111702
"gF_step",2,0.5,250,1,1,1,0,1,0.383812754812139,0.356985009873907,0.402100984133804
"gF_step",2,0.5,250,4,0,1,0,0.816666666666667,-0.177736619527215,-0.218910351755616,-0.0825882103086518
"gF_step",2,0.5,250,4,1,1,0,0.85,0.323248933259659,0.130351172264119,0.400261689457691
"gF_step",2,0.5,250,10,0,0.373333333333333,0.1,0.293333333333333,-0.663210279507905,-0.731467197316455,-0.46965637663879
"gF_step",2,0.5,250,10,1,0.303333333333333,0,0.233333333333333,-0.494201508209358,-0.751545534028701,-0.353466671335505
"gF_step",2,0.5,1500,1,0,1,0,1,-0.0597955522072002,-0.0802045380899388,-0.049478883233783
"gF_step",2,0.5,1500,1,1,1,0,1,0.374987072201982,0.327411441643963,0.390094500152539
"gF_step",2,0.5,1500,4,0,1,0,0.866666666666667,-0.0832808915184106,-0.218591985605969,-0.0748619286435271
"gF_step",2,0.5,1500,4,1,1,0,0.825,0.17367323182417,0.0695280855571693,0.40825832277652
"gF_step",2,0.5,1500,10,0,0.296666666666667,0,0.223333333333333,-0.695578058059854,-0.769644837055481,-0.652092799479417
"gF_step",2,0.5,1500,10,1,0.336666666666667,0,0.27,-0.451558967018127,-0.61740290837708,-0.333175880240755
"gF_step",2,3,50,1,0,0.266666666666667,0,0.266666666666667,-1,-1,-0.317553045774542
"gF_step",2,3,50,1,1,0.766666666666667,0,0.766666666666667,0.386577162050308,0.256863516661149,0.400407468919799
"gF_step",2,3,50,4,0,0.316666666666667,0,0.308333333333333,-0.596900365187455,-0.801779838841056,-0.437336217325125
"gF_step",2,3,50,4,1,0.841666666666667,0.0333333333333333,0.741666666666667,0.201230319502994,0.0601684392182643,0.291667152916846
"gF_step",2,3,50,10,0,0.156666666666667,0.0666666666666667,0.14,-0.806743234729194,-0.886729037065568,-0.691053359646149
"gF_step",2,3,50,10,1,0.246666666666667,0.0666666666666667,0.213333333333333,-0.588678600458346,-0.756265651822817,-0.42426661848431
"gF_step",2,3,250,1,0,1,0,1,-0.0583819376936244,-0.0788896184511774,-0.0523238704268765
"gF_step",2,3,250,1,1,1,0,1,0.396886905436497,0.37675265454837,0.40444748280272
"gF_step",2,3,250,4,0,1,0,0.833333333333333,-0.145582878388672,-0.273407937513978,-0.0877963301810477
"gF_step",2,3,250,4,1,1,0,0.833333333333333,0.267329907091356,0.127583670170023,0.396392668978853
"gF_step",2,3,250,10,0,0.3,0,0.226666666666667,-0.721991066631029,-0.844928672094189,-0.630099938856622
"gF_step",2,3,250,10,1,0.316666666666667,0.0666666666666667,0.25,-0.569672870374432,-0.723749420728055,-0.329568221706132
"gF_step",2,3,1500,1,0,1,0,1,-0.0593536668104843,-0.0697648625570367,-0.0494490770684698
"gF_step",2,3,1500,1,1,1,0,1,0.386576893734627,0.376540739726679,0.403396266145736
"gF_step",2,3,1500,4,0,1,0,0.866666666666667,-0.097606773942312,-0.202451160797215,-0.0757443804726576
"gF_step",2,3,1500,4,1,1,0,0.758333333333333,0.158013999563838,-0.0556992401146183,0.380361032165282
"gF_step",2,3,1500,10,0,0.316666666666667,0,0.256666666666667,-0.636347933179581,-0.818834923427722,-0.523071321301738
"gF_step",2,3,1500,10,1,0.353333333333333,0,0.276666666666667,-0.533336087028518,-0.684322372170235,-0.396823117034439
"gF_step",20,0.05,50,1,0,0,0,0,-1,-1,-1
"gF_step",20,0.05,50,1,1,0,0,0,-1,-1,-1
"gF_step",20,0.05,50,4,0,0,0,0,-1,-1,-1
"gF_step",20,0.05,50,4,1,0,0,0,-1,-1,-1
"gF_step",20,0.05,50,10,0,0,0,0,-1,-1,-1
"gF_step",20,0.05,50,10,1,0,0,0,-1,-1,-1
"gF_step",20,0.05,250,1,0,0.0333333333333333,0,0.0333333333333333,-1,-1,-1
"gF_step",20,0.05,250,1,1,0.433333333333333,0,0.433333333333333,-1,-1,0.348494538595176
"gF_step",20,0.05,250,4,0,0.05,0,0.0416666666666667,-1,-1,-1
"gF_step",20,0.05,250,4,1,0.391666666666667,0.0333333333333333,0.375,-0.28480430593276,-0.649382361881582,-0.00118559563919152
"gF_step",20,0.05,250,10,0,0.0333333333333333,0.0333333333333333,0.0333333333333333,-1,-1,-1
"gF_step",20,0.05,250,10,1,0.166666666666667,0.0666666666666667,0.166666666666667,-0.648053974597794,-0.978246997093354,-0.487576663909347
"gF_step",20,0.05,1500,1,0,0.933333333333333,0,0.933333333333333,-0.0577130350972856,-0.0780875032566898,-0.0511261730118483
"gF_step",20,0.05,1500,1,1,1,0.0333333333333333,1.03333333333333,0.378581034208801,0.32986469365777,0.400704213230626
"gF_step",20,0.05,1500,4,0,0.975,0,0.858333333333333,-0.115323975752593,-0.221575481850309,-0.0834090098470921
"gF_step",20,0.05,1500,4,1,1,0,0.825,0.273963678121348,0.0818035439552117,0.403639790658643
"gF_step",20,0.05,1500,10,0,0.253333333333333,0.0666666666666667,0.213333333333333,-0.711322962563475,-0.857627614114445,-0.56881960779288
"gF_step",20,0.05,1500,10,1,0.373333333333333,0,0.296666666666667,-0.424043829863723,-0.579125659730696,-0.199976720903688
"gF_step",20,0.5,50,1,0,0,0,0,-1,-1,-1
"gF_step",20,0.5,50,1,1,0,0,0,-1,-1,-1
"gF_step",20,0.5,50,4,0,0,0,0,-1,-1,-1
"gF_step",20,0.5,50,4,1,0,0,0,-1,-1,-1
"gF_step",20,0.5,50,10,0,0,0,0,-1,-1,-1
"gF_step",20,0.5,50,10,1,0,0,0,-1,-1,-1
"gF_step",20,0.5,250,1,0,0.0333333333333333,0,0.0333333333333333,-1,-1,-1
"gF_step",20,0.5,250,1,1,0.433333333333333,0,0.433333333333333,-1,-1,0.361935305259623
"gF_step",20,0.5,250,4,0,0.025,0,0.025,-1,-1,-1
"gF_step",20,0.5,250,4,1,0.341666666666667,0.0333333333333333,0.325,-0.419252950761929,-0.589508257823666,-0.157554463896687
"gF_step",20,0.5,250,10,0,0.0333333333333333,0,0.0333333333333333,-1,-1,-0.868933473691219
"gF_step",20,0.5,250,10,1,0.193333333333333,0,0.166666666666667,-0.704716725921397,-0.819376865292628,-0.47841868731813
"gF_step",20,0.5,1500,1,0,0.966666666666667,0.0666666666666667,1.03333333333333,-0.0600311316369913,-0.0791711591227314,-0.0518396129481481
"gF_step",20,0.5,1500,1,1,1,0,1,0.391515974605361,0.337247919594634,0.402395411617653
"gF_step",20,0.5,1500,4,0,0.941666666666667,0,0.858333333333333,-0.109822611586746,-0.209103517221245,-0.0773679184565695
"gF_step",20,0.5,1500,4,1,1,0,0.908333333333333,0.387184035965972,0.25635006464938,0.431065726801131
"gF_step",20,0.5,1500,10,0,0.3,0,0.223333333333333,-0.748264398849376,-0.850719020024963,-0.600467263294308
"gF_step",20,0.5,1500,10,1,0.333333333333333,0,0.256666666666667,-0.479942261055502,-0.662392190088105,-0.306331712335957
"gF_step",20,3,50,1,0,0,0,0,-1,-1,-1
"gF_step",20,3,50,1,1,0,0,0,-1,-1,-1
"gF_step",20,3,50,4,0,0,0,0,-1,-1,-1
"gF_step",20,3,50,4,1,0,0,0,-1,-1,-1
"gF_step",20,3,50,10,0,0,0,0,-1,-1,-1
"gF_step",20,3,50,10,1,0.00333333333333333,0,0.00333333333333333,-1,-1,-1
"gF_step",20,3,250,1,0,0.133333333333333,0,0.133333333333333,-1,-1,-1
"gF_step",20,3,250,1,1,0.466666666666667,0,0.466666666666667,-1,-1,0.38452219289396
"gF_step",20,3,250,4,0,0.0166666666666667,0,0.0166666666666667,-1,-1,-1
"gF_step",20,3,250,4,1,0.416666666666667,0,0.383333333333333,-0.172170142999589,-0.46834531942641,-0.027336199793218
"gF_step",20,3,250,10,0,0.0366666666666667,0,0.0333333333333333,-1,-1,-0.860092253360407
"gF_step",20,3,250,10,1,0.18,0.0333333333333333,0.146666666666667,-0.675978356236792,-0.768727759507297,-0.604982065954791
"gF_step",20,3,1500,1,0,1,0.0333333333333333,1.03333333333333,-0.0553695634560167,-0.0641934013691308,-0.0504046037540296
"gF_step",20,3,1500,1,1,1,0,1,0.383016529284485,0.327854872495366,0.401129753189434
"gF_step",20,3,1500,4,0,0.933333333333333,0,0.841666666666667,-0.151702914767828,-0.21076328634013,-0.0774025075659225
"gF_step",20,3,1500,4,1,0.991666666666667,0,0.833333333333333,0.337794307169751,0.0765406643598158,0.410162281636099
"gF_step",20,3,1500,10,0,0.276666666666667,0.0666666666666667,0.236666666666667,-0.711178011814797,-0.882078171957901,-0.572905689560834
"gF_step",20,3,1500,10,1,0.35,0.0333333333333333,0.28,-0.504113475624271,-0.695080070034324,-0.267674951060256
"gF_step",200,0.05,50,1,0,0,0.0333333333333333,0.0333333333333333,-1,-1,-1
"gF_step",200,0.05,50,1,1,0,0,0,-1,-1,-1
"gF_step",200,0.05,50,4,0,0,0,0,-1,-1,-1
"gF_step",200,0.05,50,4,1,0,0,0,-1,-1,-1
"gF_step",200,0.05,50,10,0,0,0,0,-1,-1,-1
"gF_step",200,0.05,50,10,1,0,0,0,-1,-1,-1
"gF_step",200,0.05,250,1,0,0,0,0,-1,-1,-1
"gF_step",200,0.05,250,1,1,0,0,0,-1,-1,-1
"gF_step",200,0.05,250,4,0,0,0,0,-1,-1,-1
"gF_step",200,0.05,250,4,1,0,0,0,-1,-1,-1
"gF_step",200,0.05,250,10,0,0,0,0,-1,-1,-1
"gF_step",200,0.05,250,10,1,0,0,0,-1,-1,-1
"gF_step",200,0.05,1500,1,0,0.0333333333333333,0,0.0333333333333333,-1,-1,-1
"gF_step",200,0.05,1500,1,1,0.233333333333333,0,0.233333333333333,-1,-1,-1
"gF_step",200,0.05,1500,4,0,0.00833333333333333,0,0.00833333333333333,-1,-1,-1
"gF_step",200,0.05,1500,4,1,0.125,0,0.116666666666667,-1,-1,-0.47175155833925
"gF_step",200,0.05,1500,10,0,0,0,0,-1,-1,-1
"gF_step",200,0.05,1500,10,1,0.06,0,0.0566666666666667,-1,-1,-0.766527779254744
"gF_step",200,0.5,50,1,0,0,0,0,-1,-1,-1
"gF_step",200,0.5,50,1,1,0,0,0,-1,-1,-1
"gF_step",200,0.5,50,4,0,0,0,0,-1,-1,-1
"gF_step",200,0.5,50,4,1,0,0,0,-1,-1,-1
"gF_step",200,0.5,50,10,0,0,0,0,-1,-1,-1
"gF_step",200,0.5,50,10,1,0,0,0,-1,-1,-1
"gF_step",200,0.5,250,1,0,0,0,0,-1,-1,-1
"gF_step",200,0.5,250,1,1,0,0,0,-1,-1,-1
"gF_step",200,0.5,250,4,0,0,0,0,-1,-1,-1
"gF_step",200,0.5,250,4,1,0,0,0,-1,-1,-1
"gF_step",200,0.5,250,10,0,0,0,0,-1,-1,-1
"gF_step",200,0.5,250,10,1,0,0,0,-1,-1,-1
"gF_step",200,0.5,1500,1,0,0,0,0,-1,-1,-1
"gF_step",200,0.5,1500,1,1,0.133333333333333,0,0.133333333333333,-1,-1,-1
"gF_step",200,0.5,1500,4,0,0,0,0,-1,-1,-1
"gF_step",200,0.5,1500,4,1,0.133333333333333,0,0.133333333333333,-1,-1,-0.368395408371206
"gF_step",200,0.5,1500,10,0,0,0,0,-1,-1,-1
"gF_step",200,0.5,1500,10,1,0.05,0.0333333333333333,0.05,-1,-1,-0.770150178022341
"gF_step",200,3,50,1,0,0,0,0,-1,-1,-1
"gF_step",200,3,50,1,1,0,0,0,-1,-1,-1
"gF_step",200,3,50,4,0,0,0,0,-1,-1,-1
"gF_step",200,3,50,4,1,0,0,0,-1,-1,-1
"gF_step",200,3,50,10,0,0,0,0,-1,-1,-1
"gF_step",200,3,50,10,1,0,0,0,-1,-1,-1
"gF_step",200,3,250,1,0,0,0,0,-1,-1,-1
"gF_step",200,3,250,1,1,0,0,0,-1,-1,-1
"gF_step",200,3,250,4,0,0,0,0,-1,-1,-1
"gF_step",200,3,250,4,1,0,0,0,-1,-1,-1
"gF_step",200,3,250,10,0,0,0,0,-1,-1,-1
"gF_step",200,3,250,10,1,0,0,0,-1,-1,-1
"gF_step",200,3,1500,1,0,0,0,0,-1,-1,-1
"gF_step",200,3,1500,1,1,0.0666666666666667,0,0.0666666666666667,-1,-1,-1
"gF_step",200,3,1500,4,0,0,0,0,-1,-1,-1
"gF_step",200,3,1500,4,1,0.1,0,0.1,-1,-1,-0.523197647357791
"gF_step",200,3,1500,10,0,0.00666666666666667,0,0.00666666666666667,-1,-1,-1
"gF_step",200,3,1500,10,1,0.06,0,0.06,-0.846965461494974,-1,-0.760806358202977
