"detector","noise_sd","slope","bubble_mean","overshoot","n_matches","relbias_event"
"FS_default",2,0.05,1500,0,17,0.00196123526249686
"FS_default",2,0.05,1500,1,57,0.129228598858954
"FS_default",2,0.5,1500,0,16,0.00983735016298368
"FS_default",2,0.5,1500,1,58,0.1401949441555
"FS_default",2,3,1500,0,21,0.0547607971199666
"FS_default",2,3,1500,1,55,0.22677067547163
"FS_default",20,0.05,1500,0,13,0.0118375303466551
"FS_default",20,0.05,1500,1,63,0.138826776320071
"FS_default",20,0.5,1500,0,17,0.0200064128392327
"FS_default",20,0.5,1500,1,58,0.147430738179286
"FS_default",20,3,1500,0,17,0.0713753640815061
"FS_default",20,3,1500,1,55,0.221434167350575
"FS_default",200,0.05,1500,0,30,0.0935288320516546
"FS_default",200,0.05,1500,1,64,0.323975110585651
"FS_default",200,0.5,1500,0,19,0.127096493320751
"FS_default",200,0.5,1500,1,68,0.323351814021836
"FS_default",200,3,1500,0,29,0.139639041433095
"FS_default",200,3,1500,1,61,0.36172679181758
"FS_oracle",2,0.05,50,0,75,0.148072665743632
"FS_oracle",2,0.05,50,1,68,0.27019692544815
"FS_oracle",2,0.05,250,0,81,0.0278169859481263
"FS_oracle",2,0.05,250,1,62,0.0555184586024834
"FS_oracle",2,0.05,1500,0,79,0.00439538779249967
"FS_oracle",2,0.05,1500,1,45,0.011684536980972
"FS_oracle",2,0.5,50,0,64,0.722729887658098
"FS_oracle",2,0.5,50,1,59,0.871455377039577
"FS_oracle",2,0.5,250,0,64,0.160484137605074
"FS_oracle",2,0.5,250,1,59,0.232760123191113
"FS_oracle",2,0.5,1500,0,82,0.0267476132333516
"FS_oracle",2,0.5,1500,1,43,0.0458616061399691
"FS_oracle",2,3,50,0,38,23.1881140499715
"FS_oracle",2,3,50,1,36,17.7271927630266
"FS_oracle",2,3,250,0,35,4.28781918109549
"FS_oracle",2,3,250,1,46,3.09060071592789
"FS_oracle",2,3,1500,0,36,0.565993314511521
"FS_oracle",2,3,1500,1,38,0.799596960709445
"FS_oracle",20,0.05,50,0,1,0.456896966189875
"FS_oracle",20,0.05,50,1,24,0.55054121729294
"FS_oracle",20,0.05,250,0,71,0.165670578577376
"FS_oracle",20,0.05,250,1,70,0.285218323952601
"FS_oracle",20,0.05,1500,0,74,0.029945079705897
"FS_oracle",20,0.05,1500,1,50,0.0575264073653207
"FS_oracle",20,0.5,50,0,3,0.73823679039436
"FS_oracle",20,0.5,50,1,22,0.785494981000248
"FS_oracle",20,0.5,250,0,71,0.246121181112995
"FS_oracle",20,0.5,250,1,72,0.376913478506083
"FS_oracle",20,0.5,1500,0,78,0.0475276179919569
"FS_oracle",20,0.5,1500,1,56,0.0849777348744716
"FS_oracle",20,3,50,0,4,1.5754894596133
"FS_oracle",20,3,50,1,19,2.16289010173954
"FS_oracle",20,3,250,0,71,0.923672713778084
"FS_oracle",20,3,250,1,70,1.11500699947678
"FS_oracle",20,3,1500,0,75,0.159335030994156
"FS_oracle",20,3,1500,1,61,0.261117483779497
"FS_oracle",200,0.05,50,0,1,23.1142787620448
"FS_oracle",200,0.05,250,1,3,0.400829014095989
"FS_oracle",200,0.05,1500,0,60,0.139663677339181
"FS_oracle",200,0.05,1500,1,67,0.353750678787322
"FS_oracle",200,0.5,1500,0,52,0.155490325894033
"FS_oracle",200,0.5,1500,1,70,0.379377984056259
"FS_oracle",200,3,1500,0,54,0.244098116816115
"FS_oracle",200,3,1500,1,64,0.431695226496874
"gF_diff",2,0.05,50,0,56,-0.137262754016515
"gF_diff",2,0.05,50,1,146,-0.00197456555955299
"gF_diff",2,0.05,250,0,161,-0.00118507938335182
"gF_diff",2,0.05,250,1,166,0.00162404139911612
"gF_diff",2,0.05,1500,0,171,-0.00014108597085078
"gF_diff",2,0.05,1500,1,154,0.000328837712416678
"gF_diff",2,0.5,50,0,72,-0.103643292611839
"gF_diff",2,0.5,50,1,123,0.0037283545934932
"gF_diff",2,0.5,250,0,158,-0.000977822746230698
"gF_diff",2,0.5,250,1,158,0.0024215102088829
"gF_diff",2,0.5,1500,0,164,-0.000245953262605517
"gF_diff",2,0.5,1500,1,163,0.000226192418019982
"gF_diff",2,3,50,0,68,-0.118026207653342
"gF_diff",2,3,50,1,129,-0.00217321556368226
"gF_diff",2,3,250,0,153,-0.00101918452739164
"gF_diff",2,3,250,1,154,-6.30601799699587e-05
"gF_diff",2,3,1500,0,170,-0.000213649230439479
"gF_diff",2,3,1500,1,151,7.19075687305562e-05
"gF_diff",20,0.05,250,0,13,-0.287119126147681
"gF_diff",20,0.05,250,1,80,-0.0981567550703343
"gF_diff",20,0.05,1500,0,157,-0.00261854333491462
"gF_diff",20,0.05,1500,1,169,0.00164068270457931
"gF_diff",20,0.5,250,0,12,-0.270248943423341
"gF_diff",20,0.5,250,1,74,-0.128423919929277
"gF_diff",20,0.5,1500,0,157,-0.00331894925586949
"gF_diff",20,0.5,1500,1,173,0.00114854995752911
"gF_diff",20,3,50,1,1,-0.796829366845512
"gF_diff",20,3,250,0,14,-0.192905272522632
"gF_diff",20,3,250,1,70,-0.044654257308689
"gF_diff",20,3,1500,0,164,-0.00299970193376574
"gF_diff",20,3,1500,1,159,0.000589713659517126
"gF_diff",200,0.05,1500,0,2,-0.0462669643058206
"gF_diff",200,0.05,1500,1,34,-0.086827998114362
"gF_diff",200,0.5,1500,1,25,-0.110564660437092
"gF_diff",200,3,1500,0,2,-0.0718010591724131
"gF_diff",200,3,1500,1,30,-0.163835683319793
"gF_diff_w15",2,0.05,50,0,127,-0.134756091079759
"gF_diff_w15",2,0.05,50,1,275,0.0148245711271551
"gF_diff_w15",2,0.05,250,0,330,-0.000701103282320313
"gF_diff_w15",2,0.05,250,1,324,0.0255212343601361
"gF_diff_w15",2,0.05,1500,0,322,-5.62015609326511e-05
"gF_diff_w15",2,0.05,1500,1,271,0.0198152290185703
"gF_diff_w15",2,0.5,50,0,138,-0.105308316715424
"gF_diff_w15",2,0.5,50,1,300,0.0216592410360698
"gF_diff_w15",2,0.5,250,0,286,-0.000231853217381072
"gF_diff_w15",2,0.5,250,1,312,0.0239028704658748
"gF_diff_w15",2,0.5,1500,0,325,-5.00332472635165e-05
"gF_diff_w15",2,0.5,1500,1,276,0.0151696434673032
"gF_diff_w15",2,3,50,0,139,-0.130705119464763
"gF_diff_w15",2,3,50,1,268,0.0153361187627978
"gF_diff_w15",2,3,250,0,343,-0.000325592495302919
"gF_diff_w15",2,3,250,1,313,0.0268910185737979
"gF_diff_w15",2,3,1500,0,306,-2.42790008602929e-05
"gF_diff_w15",2,3,1500,1,289,0.0168407533635668
"gF_diff_w15",20,0.05,50,0,1,-0.359766495960519
"gF_diff_w15",20,0.05,50,1,3,-0.452837045773351
"gF_diff_w15",20,0.05,250,0,31,-0.28116377903606
"gF_diff_w15",20,0.05,250,1,150,-0.133710011556984
"gF_diff_w15",20,0.05,1500,0,305,-0.00167547142102574
"gF_diff_w15",20,0.05,1500,1,319,0.0287676866802467
"gF_diff_w15",20,0.5,50,0,1,-0.373076670747266
"gF_diff_w15",20,0.5,50,1,2,0.292102983753583
"gF_diff_w15",20,0.5,250,0,39,-0.220853445609157
"gF_diff_w15",20,0.5,250,1,142,-0.0630754859177715
"gF_diff_w15",20,0.5,1500,0,315,-0.00179853682994392
"gF_diff_w15",20,0.5,1500,1,320,0.0251038663911474
"gF_diff_w15",20,3,50,0,1,0.134795019675807
"gF_diff_w15",20,3,50,1,5,-0.503016409110728
"gF_diff_w15",20,3,250,0,30,-0.185619433766974
"gF_diff_w15",20,3,250,1,134,-0.0722827331660868
"gF_diff_w15",20,3,1500,0,315,-0.00190610818751325
"gF_diff_w15",20,3,1500,1,311,0.0205580970852477
"gF_diff_w15",200,0.05,50,0,3,-0.00567332276462242
"gF_diff_w15",200,0.05,50,1,4,0.408531953157265
"gF_diff_w15",200,0.05,250,0,1,-0.127289885435221
"gF_diff_w15",200,0.05,250,1,1,-0.00835637368696879
"gF_diff_w15",200,0.05,1500,0,5,-0.125492028632786
"gF_diff_w15",200,0.05,1500,1,73,-0.0924385510976377
"gF_diff_w15",200,0.5,50,0,3,-0.172289904131412
"gF_diff_w15",200,0.5,50,1,3,1.02238454391604
"gF_diff_w15",200,0.5,250,0,1,-0.897032569513923
"gF_diff_w15",200,0.5,1500,0,7,-0.342297576871266
"gF_diff_w15",200,0.5,1500,1,52,-0.150201839486262
"gF_diff_w15",200,3,50,0,3,-0.136576180237923
"gF_diff_w15",200,3,50,1,2,-0.025040830959212
"gF_diff_w15",200,3,250,0,1,-0.117505913548673
"gF_diff_w15",200,3,250,1,3,-0.367996860779318
"gF_diff_w15",200,3,1500,0,13,-0.115476610247584
"gF_diff_w15",200,3,1500,1,74,-0.192614705536213
"gF_variance",2,0.05,50,0,249,-0.0884692372741949
"gF_variance",2,0.05,50,1,223,0.0061093332638645
"gF_variance",2,0.05,250,0,268,-0.00148025627276716
"gF_variance",2,0.05,250,1,225,0.00366029025854077
"gF_variance",2,0.05,1500,0,253,-6.00671199410128e-05
"gF_variance",2,0.05,1500,1,214,0.00030517475178087
"gF_variance",2,0.5,50,0,260,-0.10030449551342
"gF_variance",2,0.5,50,1,237,0.00425048593210535
"gF_variance",2,0.5,250,0,227,-0.000816323370022924
"gF_variance",2,0.5,250,1,216,0.00378344847909216
"gF_variance",2,0.5,1500,0,270,-0.000159994271924492
"gF_variance",2,0.5,1500,1,227,0.000491419876312192
"gF_variance",2,3,50,0,232,-0.0989144145774446
"gF_variance",2,3,50,1,248,0.00441244849349561
"gF_variance",2,3,250,0,257,-0.000962941797269863
"gF_variance",2,3,250,1,263,0.00688689401015922
"gF_variance",2,3,1500,0,249,-0.000105413669585053
"gF_variance",2,3,1500,1,217,0.00043153933860488
"gF_variance",20,0.05,50,0,90,-0.232265192246476
"gF_variance",20,0.05,50,1,160,-0.0404564833521136
"gF_variance",20,0.05,250,0,241,-0.129599479945236
"gF_variance",20,0.05,250,1,210,-0.0975915559000501
"gF_variance",20,0.05,1500,0,262,-0.00195626460815959
"gF_variance",20,0.05,1500,1,222,0.00400489763522659
"gF_variance",20,0.5,50,0,119,-0.229419170478971
"gF_variance",20,0.5,50,1,195,0.0342378335848188
"gF_variance",20,0.5,250,0,252,-0.124050047827502
"gF_variance",20,0.5,250,1,223,-0.0791104584609958
"gF_variance",20,0.5,1500,0,269,-0.00303206981605973
"gF_variance",20,0.5,1500,1,218,0.00285410058689009
"gF_variance",20,3,50,0,88,-0.19904658240682
"gF_variance",20,3,50,1,189,0.053031890852731
"gF_variance",20,3,250,0,238,-0.110353583770074
"gF_variance",20,3,250,1,243,-0.0406556145430764
"gF_variance",20,3,1500,0,274,-0.00239784993917595
"gF_variance",20,3,1500,1,218,0.00329372377918397
"gF_variance",200,0.05,250,0,13,-0.192931770577287
"gF_variance",200,0.05,250,1,62,-0.0469516762508975
"gF_variance",200,0.05,1500,0,244,-0.113576450398306
"gF_variance",200,0.05,1500,1,224,-0.0793749531116029
"gF_variance",200,0.5,250,0,15,-0.258943073707292
"gF_variance",200,0.5,250,1,75,0.00310361118628095
"gF_variance",200,0.5,1500,0,250,-0.166280143663086
"gF_variance",200,0.5,1500,1,233,-0.147681548344269
"gF_variance",200,3,250,0,21,-0.110959765815119
"gF_variance",200,3,250,1,75,0.0923139264279677
"gF_variance",200,3,1500,0,252,-0.160453610719627
"gF_variance",200,3,1500,1,224,-0.139607649378681
"gF_step",2,0.05,50,0,67,-0.115399785869724
"gF_step",2,0.05,50,1,162,0.381019002202929
"gF_step",2,0.05,250,0,171,-0.0797815420146791
"gF_step",2,0.05,250,1,175,0.357409437026679
"gF_step",2,0.05,1500,0,177,-0.0806151294009496
"gF_step",2,0.05,1500,1,171,0.373008674195068
"gF_step",2,0.5,50,0,82,-0.143764528128097
"gF_step",2,0.5,50,1,131,0.3657657942253
"gF_step",2,0.5,250,0,167,-0.0806642734533517
"gF_step",2,0.5,250,1,169,0.374914979994291
"gF_step",2,0.5,1500,0,170,-0.0731584259206887
"gF_step",2,0.5,1500,1,175,0.361061614759565
"gF_step",2,3,50,0,78,-0.126819451114129
"gF_step",2,3,50,1,150,0.333978315986358
"gF_step",2,3,250,0,163,-0.0828315044579012
"gF_step",2,3,250,1,167,0.378645041849952
"gF_step",2,3,1500,0,181,-0.0726395337523539
"gF_step",2,3,1500,1,164,0.37189292359829
"gF_step",20,0.05,250,0,13,-0.160006072698211
"gF_step",20,0.05,250,1,100,0.268454226954224
"gF_step",20,0.05,1500,0,169,-0.0803339626622737
"gF_step",20,0.05,1500,1,180,0.365705230538588
"gF_step",20,0.5,250,0,14,-0.163626633413309
"gF_step",20,0.5,250,1,90,0.265203461644445
"gF_step",20,0.5,1500,0,169,-0.0798398235296976
"gF_step",20,0.5,1500,1,185,0.390651049928385
"gF_step",20,3,50,1,1,0.019803072947452
"gF_step",20,3,250,0,15,-0.123985003634477
"gF_step",20,3,250,1,89,0.322921801663994
"gF_step",20,3,1500,0,179,-0.0801878561833404
"gF_step",20,3,1500,1,176,0.36885907852762
"gF_step",200,0.05,1500,0,2,-0.0710914508641362
"gF_step",200,0.05,1500,1,36,0.304232113652116
"gF_step",200,0.5,1500,1,33,0.224164863562761
"gF_step",200,3,1500,0,2,-0.100678537912918
"gF_step",200,3,1500,1,32,0.244722901702931
