"UniqueID","reason"
"s1-ca-p2-10-o-d-13:38","fewer than 30 CH4 observations"
"s1-ca-p2-11-o-d-13:52","fewer than 30 CH4 observations"
"s1-ca-p2-12-o-d-14:06","fewer than 30 CH4 observations"
"s1-ca-r2-10-o-d-11:13","fewer than 30 CH4 observations"
"s1-ca-r2-5-o-d-09:31","fewer than 30 CH4 observations"
"s1-ca-r2-7-o-d-10:07","fewer than 30 CH4 observations"
"s1-ri-a1-12-o-d-12:59","fewer than 30 CH4 observations"
"s1-ri-a1-14-o-d-13:32","fewer than 30 CH4 observations"
"s1-ri-a1-16-o-d-14:00","fewer than 30 CH4 observations"
"s1-ri-a1-17-o-d-14:10","fewer than 30 CH4 observations"
"s1-ri-p2-10-o-d-12:14","fewer than 30 CH4 observations"
"s1-ri-p2-12-o-d-12:51","fewer than 30 CH4 observations"
"s1-ri-p2-14-o-d-13:26","fewer than 30 CH4 observations"
"s1-ri-p2-15-o-d-13:37","fewer than 30 CH4 observations"
"s1-ri-p2-16-o-d-13:50","fewer than 30 CH4 observations"
"s1-ri-p2-7-o-d-11:19","fewer than 30 CH4 observations"
"s1-va-a1-1-o-d-09:49","fewer than 30 CH4 observations"
"s1-va-a1-13-o-d-15:32","fewer than 30 CH4 observations"
"s1-va-a1-14-o-d-15:44","fewer than 30 CH4 observations"
"s1-va-a1-2-o-d-10:13","fewer than 30 CH4 observations"
"s1-va-a1-3-o-d-10:34","fewer than 30 CH4 observations"
"s1-va-p2-1-o-d-08:47","fewer than 30 CH4 observations"
"s1-va-p2-2-o-d-09:02","fewer than 30 CH4 observations"
"s1-va-p2-3-o-d-09:16","fewer than 30 CH4 observations"
"s1-va-r1-1-o-d-09:06","fewer than 30 CH4 observations"
"s1-va-r1-10-o-d-11:20","fewer than 30 CH4 observations"
"s1-va-r1-11-o-d-11:31","fewer than 30 CH4 observations"
"s1-va-r1-12-o-d-11:43","fewer than 30 CH4 observations"
"s1-va-r1-2-o-d-09:21","fewer than 30 CH4 observations"
"s1-va-r1-3-o-d-09:34","fewer than 30 CH4 observations"
"s1-va-r1-4-o-d-09:51","fewer than 30 CH4 observations"
"s1-va-r1-5-o-d-10:04","fewer than 30 CH4 observations"
"s1-va-r1-6-o-d-10:23","fewer than 30 CH4 observations"
"s1-va-r1-7-o-d-10:38","fewer than 30 CH4 observations"
"s1-va-r1-8-o-d-10:54","fewer than 30 CH4 observations"
"s1-va-r1-9-o-d-11:10","fewer than 30 CH4 observations"
"s2-ca-r2-1-o-d-08:35","fewer than 30 CH4 observations"
"s2-ca-r2-12-o-d-11:55","fewer than 30 CH4 observations"
"s2-ca-r2-13-o-d-12:57","fewer than 30 CH4 observations"
"s2-ca-r2-14-o-d-13:15","fewer than 30 CH4 observations"
"s2-ca-r2-15-o-d-13:27","fewer than 30 CH4 observations"
"s2-ca-r2-2-o-d-08:55","fewer than 30 CH4 observations"
"s2-ca-r2-3-o-d-09:09","fewer than 30 CH4 observations"
"s2-ca-r2-4-o-d-09:22","fewer than 30 CH4 observations"
"s2-ca-r2-5-o-d-09:42","fewer than 30 CH4 observations"
"s2-ri-a1-14-o-d-11:06","fewer than 30 CH4 observations"
"s2-ri-a1-15-o-d-11:20","fewer than 30 CH4 observations"
"s2-ri-a1-16-o-d-11:34","fewer than 30 CH4 observations"
"s2-ri-a1-17-o-d-11:47","fewer than 30 CH4 observations"
"s2-ri-a1-18-o-d-12:01","fewer than 30 CH4 observations"
"s2-ri-a1-19-o-d-12:45","fewer than 30 CH4 observations"
"s2-ri-a1-20-o-d-13:11","fewer than 30 CH4 observations"
"s2-ri-p2-1-o-d-08:32","no measurements"
"s2-ri-p2-12-o-d-12:33","no measurements"
"s2-ri-p2-13-o-d-12:45","no measurements"
"s2-ri-p2-14-o-d-13:43","no measurements"
"s2-ri-p2-5-o-d-09:44","no measurements"
"s2-ri-p2-9-o-d-11:10","no measurements"
"s2-ri-r1-11-o-d-13:21","fewer than 30 CH4 observations"
"s2-ri-r1-12-o-d-13:34","fewer than 30 CH4 observations"
"s2-ri-r1-13-o-d-13:49","fewer than 30 CH4 observations"
"s2-va-p1-5-o-d-09:54","fewer than 30 CH4 observations"
"s2-va-r2-13-o-d-12:39","fewer than 30 CH4 observations"
"s2-va-r2-14-o-d-12:59","fewer than 30 CH4 observations"
"s2-va-r2-4-o-d-10:34","fewer than 30 CH4 observations"
"s3-ca-p1-10-o-d-11:00","fewer than 30 CH4 observations"
"s3-ca-p1-11-o-d-11:17","fewer than 30 CH4 observations"
"s3-ca-p1-12-o-d-11:36","fewer than 30 CH4 observations"
"s3-ca-p1-9-o-d-10:41","fewer than 30 CH4 observations"
"s3-ca-p2-6-o-d-09:53","fewer than 30 CH4 observations"
"s3-ca-p2-7-o-d-10:08","fewer than 30 CH4 observations"
"s3-ca-p2-8-o-d-11:06","fewer than 30 CH4 observations"
"s3-ca-p2-9-o-d-11:20","fewer than 30 CH4 observations"
"s3-ri-a1-10-o-d-12:20","fewer than 30 CH4 observations"
"s3-ri-a1-11-o-d-12:36","fewer than 30 CH4 observations"
"s3-ri-a1-12-o-d-12:48","fewer than 30 CH4 observations"
"s3-ri-a1-13-o-d-13:04","fewer than 30 CH4 observations"
"s3-ri-a1-14-o-d-13:20","fewer than 30 CH4 observations"
"s3-ri-a1-15-o-d-13:28","fewer than 30 CH4 observations"
"s3-ri-a1-16-o-d-13:38","fewer than 30 CH4 observations"
"s3-ri-a1-17-o-d-13:53","fewer than 30 CH4 observations"
"s3-ri-p2-1-o-d-09:01","fewer than 30 CH4 observations"
"s3-ri-p2-13-o-d-13:26","fewer than 30 CH4 observations"
"s3-ri-p2-14-o-d-13:53","fewer than 30 CH4 observations"
"s3-ri-p2-5-o-d-10:25","fewer than 30 CH4 observations"
"s3-ri-r1-1-o-d-09:18","fewer than 30 CH4 observations"
"s3-ri-r1-2-o-d-09:25","fewer than 30 CH4 observations"
"s3-ri-r1-3-o-d-09:37","fewer than 30 CH4 observations"
"s3-va-a1-1-o-d-08:35","fewer than 30 CH4 observations"
"s3-va-a1-10-o-d-12:40","fewer than 30 CH4 observations"
"s3-va-a1-4-o-d-10:04","fewer than 30 CH4 observations"
"s3-va-a1-5-o-d-10:24","fewer than 30 CH4 observations"
"s3-va-a1-7-o-d-11:11","fewer than 30 CH4 observations"
"s4-du-a1-1-o-d-08:13","fewer than 30 CH4 observations"
"s4-du-a1-2-o-d-08:28","fewer than 30 CH4 observations"
"s4-du-a1-3-o-d-08:43","fewer than 30 CH4 observations"
"s4-du-a2-1-o-d-07:38","fewer than 30 CH4 observations"
"s4-du-a2-2-o-d-07:53","fewer than 30 CH4 observations"
"s4-du-a2-6-o-d-09:37","fewer than 30 CH4 observations"
"s4-du-p2-1-o-d-07:51","fewer than 30 CH4 observations"
"s4-du-p2-4-o-d-08:47","fewer than 30 CH4 observations"
"s4-du-p2-7-o-d-09:40","fewer than 30 CH4 observations"
"s4-ri-a1-15-o-d-09:39","fewer than 30 CH4 observations"
"s4-ri-a1-16-o-d-09:56","fewer than 30 CH4 observations"
"s4-ri-a1-17-o-d-10:11","fewer than 30 CH4 observations"
"s4-ri-a1-18-o-d-10:49","fewer than 30 CH4 observations"
"s4-ri-a1-19-o-d-11:03","fewer than 30 CH4 observations"
"s4-ri-a1-20-o-d-11:14","fewer than 30 CH4 observations"
"s4-ri-p2-12-o-d-10:24","fewer than 30 CH4 observations"
"s4-ri-p2-13-o-d-10:32","fewer than 30 CH4 observations"
"s4-ri-p2-14-o-d-10:43","fewer than 30 CH4 observations"
"s4-ri-p2-15-o-d-10:53","fewer than 30 CH4 observations"
"s4-ri-p2-2-o-d-07:17","fewer than 30 CH4 observations"
"s4-ri-p2-4-o-d-07:55","fewer than 30 CH4 observations"
"s4-ri-p2-6-o-d-08:28","fewer than 30 CH4 observations"
"s4-ri-r1-15-o-d-11:50","fewer than 30 CH4 observations"
"s4-ri-r1-16-o-d-12:06","fewer than 30 CH4 observations"
"s4-ri-r1-17-o-d-12:19","fewer than 30 CH4 observations"
"s4-va-a1-1-o-d-08:30","fewer than 30 CH4 observations"
"s4-va-a2-10-o-d-10:00","fewer than 30 CH4 observations"
"s4-va-a2-2-o-d-07:21","fewer than 30 CH4 observations"
"s4-va-a2-6-o-d-08:42","fewer than 30 CH4 observations"
